021201000; 4
211012200; 7
211012201; 3
000100210; 1
012120000; 6
011211202; 0
200212011; 1
102211120; 8
102211122; 1
202121010; 1
112001212; 4
202101112; 1
210101220; 4
210101221; 2
221100120; 4
012211000; 7
012202110; 4
211020120; 8
211020121; 5
211110202; 7
011021200; 0
121210012; 6
011021202; 0
021221110; 8
001102221; 0
012211002; 7
001010212; 1
001210201; 0
001210200; 0
020000112; 0
112201210; 4
112201212; 4
112210200; 5
001000200; 0
001000201; 0
002201011; 6
200000001; 2
121002112; 3
012010221; 0
201010021; 1
201010020; 3
020000010; 0
002001021; 4
110010220; 8
120011122; 2
001000020; 0
012101212; 4
101022001; 1
112221120; 8
021102121; 4
221121210; 8
021100221; 4
000102001; 0
021012021; 0
020011210; 3
000010210; 1
020011212; 3
000010212; 1
020000011; 6
120210112; 2
000201100; 2
211020010; 3
010101022; 4
200211112; 1
110020102; 2
202121011; 1
112000221; 4
200010000; 1
200010001; 2
221100010; 4
221100012; 4
122000211; 4
210000121; 2
210000120; 2
221201100; 4
110100022; 6
221121100; 7
210202011; 4
120201102; 2
110121220; 2
120201100; 4
022100011; 0
022100010; 0
100020021; 1
012100102; 0
102200011; 1
211102212; 4
212021001; 6
102121021; 1
100122010; 6
021210000; 0
100122012; 2
201020101; 1
121101202; 7
200010010; 1
002120011; 6
012021012; 0
120112012; 2
002010121; 0
002010120; 0
210101002; 4
002120010; 6
010000002; 2
000100002; 6
010000000; 0
200211021; 2
122010112; 5
221210001; 5
102011212; 1
120200211; 2
021102210; 0
212121010; 6
010102012; 2
210020101; 7
210020100; 8
002201121; 0
002201101; 7
120120010; 6
002010211; 0
120120012; 6
022012101; 0
120121012; 6
010000221; 0
012000012; 4
012210102; 7
012210100; 7
002211112; 1
101012212; 1
021122110; 0
202210110; 1
001201012; 0
021001002; 4
122001102; 3
122001100; 3
012101022; 4
220211001; 2
221100211; 5
001001002; 6
112102200; 4
112102201; 4
001120012; 0
000000210; 0
000000211; 0
001120122; 0
102010102; 5
002001211; 0
202201101; 7
002211012; 1
101100220; 1
022110100; 0
021002001; 4
102102210; 1
102102211; 4
121100220; 4
121100221; 4
120202101; 4
011022112; 0
120021112; 3
012211020; 0
201100002; 4
002212110; 1
110102200; 2
021212010; 0
110102202; 2
110021221; 2
012101020; 4
022001110; 0
110122221; 2
022001112; 0
202100110; 1
001002112; 4
102020001; 6
001122021; 1
210100201; 4
210100200; 4
000000102; 0
221001000; 3
012022011; 6
220001101; 2
012201001; 6
122101221; 4
202001010; 1
011202211; 0
100010220; 8
200101012; 4
000012010; 0
200100012; 4
022010121; 0
200100010; 2
000021100; 1
000021102; 0
211212000; 6
000012012; 1
010210221; 0
201001000; 1
121000212; 3
201000021; 4
121000210; 4
022121101; 0
001220100; 5
001021020; 1
120020211; 2
102001000; 3
122002101; 3
102001002; 3
112012120; 8
100201201; 1
100201200; 1
220101000; 2
121010020; 3
121020012; 3
121010022; 6
012012201; 0
000211201; 0
000211200; 0
110022100; 3
110000122; 2
020100210; 0
112100020; 6
201100021; 5
112100022; 6
001012210; 1
201100020; 4
011022120; 0
121220110; 5
121220112; 5
201101002; 4
000120021; 1
000012021; 0
122021010; 6
122021011; 6
022100211; 0
121100002; 6
000100200; 2
002100100; 0
002100102; 0
210002011; 2
210002010; 4
201000112; 4
201211002; 6
000101202; 4
201211000; 6
100210000; 1
200101102; 4
210201112; 4
201000121; 1
211120120; 8
020120110; 0
020120112; 0
201000120; 4
100210212; 1
100210210; 1
001000021; 0
001200112; 4
101000212; 1
211100212; 4
112121020; 6
112121022; 6
101010202; 7
011022012; 0
120220110; 8
120101200; 4
010002012; 2
120101202; 4
022112110; 0
200110012; 1
000211021; 0
121221210; 8
011102200; 0
011102202; 0
000012112; 2
201011212; 3
210002121; 2
201000201; 5
212000211; 4
001012021; 0
001110202; 7
210012120; 2
210012121; 2
000100221; 1
010121212; 0
010202011; 4
010202010; 4
220121211; 2
002012001; 0
020012112; 2
112022121; 3
202012110; 1
010201012; 4
002010201; 0
211210000; 6
102100012; 5
221110000; 5
112100200; 4
120012000; 2
112100202; 4
002201001; 0
101000202; 1
121110022; 6
021101022; 4
200121120; 1
200121121; 1
121002210; 3
121002211; 4
011200021; 0
011200020; 0
210120201; 2
012021112; 0
102110220; 5
000012201; 0
001022121; 0
211202100; 4
011000122; 0
102212110; 8
211202101; 4
210221121; 2
001211202; 0
100002121; 1
100002120; 1
021201012; 0
020000101; 0
021200011; 0
101121220; 1
120210210; 8
100020120; 1
100212120; 1
020121112; 0
212121000; 6
212121001; 6
120022101; 3
112001200; 4
112001202; 3
121201012; 4
120122211; 2
121210000; 5
121210002; 6
110201122; 2
101010022; 6
011121022; 0
001210210; 0
002210101; 0
110202012; 2
112201200; 4
112201201; 4
100002010; 4
100002012; 2
020001211; 2
020001210; 0
121002100; 3
121002102; 3
022112100; 0
022112101; 0
200110102; 1
112201020; 4
112201021; 4
012101202; 4
212021121; 3
012101200; 4
101022012; 1
001000012; 1
101022010; 3
120210100; 2
120210102; 2
200201001; 2
000212011; 0
220021101; 2
000010200; 0
000010201; 0
121120012; 6
200211102; 1
121201120; 4
200211100; 2
121201122; 4
122010210; 3
020210011; 0
002101221; 4
210210021; 6
202001110; 1
001102120; 0
211120021; 5
012002121; 0
200212110; 1
000212010; 0
120012120; 2
100202001; 4
221101210; 4
110210002; 2
121001022; 3
211221120; 8
121001020; 4
021121000; 7
012200001; 4
201201100; 1
210122211; 2
201110220; 5
201110221; 5
200100201; 5
221010001; 3
221010000; 3
110211202; 7
002000211; 4
000121000; 0
002101200; 4
120102001; 2
120102000; 4
000102100; 0
200120001; 1
212021010; 3
212021011; 6
021210010; 6
112021020; 6
112021021; 6
011100022; 0
021100120; 4
120112002; 6
221210011; 6
120112000; 2
200021110; 8
110020000; 2
110020002; 2
210020110; 8
112200001; 4
112200000; 4
102011202; 3
102011200; 1
001022001; 3
100101220; 4
210112002; 2
001002012; 0
001101022; 4
210010122; 2
021002100; 0
210010120; 2
202120011; 6
101012200; 1
211210021; 6
101012202; 1
120121000; 6
010000212; 0
120201001; 2
120201000; 8
100000000; 4
200122011; 6
000012120; 0
011002122; 0
012100002; 0
012100000; 8
010101220; 4
002112100; 0
000011002; 3
211200120; 4
211200121; 4
020011000; 0
020011002; 2
221100201; 5
010000102; 2
002101212; 4
001120000; 0
001120002; 0
112002001; 4
112002000; 3
112120000; 6
221100121; 4
011002120; 0
201002211; 3
212201110; 4
010000122; 0
212201112; 4
120021102; 3
120021100; 7
201100012; 4
020101020; 4
020110201; 0
020110200; 0
000200110; 0
120020100; 3
121122000; 6
012210001; 0
012210000; 0
020121201; 2
020100211; 2
101122020; 1
201110002; 1
112012000; 8
101122021; 1
100122201; 2
010201120; 2
022210101; 0
020012101; 0
020012100; 0
000212100; 0
101200021; 1
101200020; 1
210100210; 4
221001010; 3
221001012; 4
102010002; 5
221000011; 3
102010000; 8
211102210; 4
012201012; 4
101201202; 1
012201010; 4
212122110; 8
012200011; 0
012200010; 4
200100000; 1
101020122; 1
120120201; 2
201221010; 8
000102201; 0
021202101; 4
100202011; 4
100202010; 4
010220121; 5
121020201; 5
101102212; 1
010022121; 3
121000221; 4
102001012; 3
012022101; 3
122002110; 3
002011000; 3
000211210; 0
021210001; 0
220102011; 6
100201210; 1
202021011; 6
100201212; 1
220121011; 2
102020101; 1
102020100; 3
012112000; 8
020102211; 0
000000001; 4
000000000; 0
021021210; 8
100120221; 1
010211002; 7
100010122; 1
211000012; 4
121220100; 5
121220101; 5
200021011; 1
220211121; 2
000120012; 0
000120010; 0
010210122; 2
010210120; 2
000210211; 0
002110212; 1
110122020; 2
110122021; 2
211010220; 3
211010221; 3
200011102; 1
021112221; 0
010002211; 4
010002210; 0
022110201; 0
121020112; 3
210002001; 7
011202120; 0
100201102; 1
211100020; 8
211100022; 4
011221120; 0
210102120; 2
210102121; 2
212112120; 8
002101012; 4
202121101; 1
211100200; 8
211100202; 4
010102021; 0
010102020; 0
200110021; 5
200110020; 2
201020121; 5
010010221; 0
110202112; 2
211001122; 4
001200210; 0
000211000; 0
002112121; 0
000121120; 0
201011202; 3
002211100; 0
201011200; 3
012010122; 5
121202110; 4
012010120; 0
121202112; 4
020211001; 0
100100221; 4
100100220; 1
010121202; 0
001200120; 0
010121200; 0
010120002; 0
000201102; 0
110220112; 5
120001221; 2
001120102; 0
201011020; 1
002002011; 0
010201021; 2
010201020; 2
010012201; 0
112022110; 3
110201002; 2
020102101; 0
020102100; 0
110002221; 2
010121020; 6
110202021; 2
120012012; 2
102100021; 1
102100020; 4
201200112; 4
201200110; 1
021102211; 0
200121010; 1
021211012; 6
011012221; 0
020112100; 0
100102201; 4
100102200; 2
020221110; 8
211022121; 3
102212100; 8
012120121; 0
100212112; 2
211011202; 3
121002001; 4
121002000; 4
000021112; 0
220211110; 2
021200001; 0
011211220; 0
101000002; 1
120022110; 3
200211120; 2
210012201; 7
001011202; 3
001102201; 0
001102200; 0
121201002; 4
121201000; 8
012001021; 0
012001020; 3
002100120; 0
210210102; 2
210210100; 2
220101112; 2
001000221; 0
002210112; 1
001210221; 0
200001021; 2
221122011; 6
100002000; 2
100002001; 4
002001000; 0
002001001; 0
100001020; 4
100001022; 6
001000000; 4
112221102; 7
101022021; 1
112221100; 7
221200011; 5
001112002; 6
202010211; 1
012010201; 0
212001201; 3
211022001; 3
021121200; 8
102211212; 1
021100201; 5
102211210; 1
101112220; 8
101100022; 6
011000202; 0
121120002; 6
121120000; 7
020020101; 7
022100121; 0
011020221; 0
002120101; 0
021110212; 5
012120001; 6
110201220; 2
110201221; 2
211200021; 5
112000201; 4
112000200; 4
220112121; 2
010100200; 8
000010000; 0
112211220; 8
220021011; 2
000212112; 1
210002110; 2
000002121; 0
021122112; 0
000100012; 2
210112102; 2
001212201; 0
120102010; 6
120102012; 6
012100120; 0
122000011; 3
122000010; 3
021210021; 0
210201001; 6
210201000; 6
202011100; 1
221011012; 3
012021001; 6
120210000; 2
022110211; 0
000121201; 2
000121200; 0
000011122; 0
002010102; 5
002010100; 0
112021012; 6
121101220; 4
010000020; 0
102000010; 8
200211001; 2
102000012; 5
110020012; 2
020001000; 2
000212101; 0
000010002; 0
112200010; 4
010012120; 2
112200012; 4
210221110; 8
112201012; 4
221201010; 6
120201010; 8
101221120; 1
120201012; 2
101221122; 1
021002112; 0
021002110; 0
100200010; 4
012210120; 0
012210121; 0
001121122; 0
210202101; 4
002011201; 0
211021210; 3
210112021; 2
012100012; 4
010220100; 5
122001120; 3
122001121; 4
010012102; 2
212122101; 7
021221112; 0
011122120; 0
211102021; 4
112102221; 4
120001122; 3
020012001; 0
201200100; 4
020100021; 4
221102010; 6
102010120; 1
102010122; 3
221102011; 6
101200102; 1
122010000; 3
101100202; 7
020011012; 3
000122211; 2
210010201; 3
210010200; 3
110121202; 2
221100210; 5
110021122; 2
120201120; 4
120201121; 4
101221012; 1
102021010; 6
122101020; 4
122101021; 4
112002010; 4
011002201; 0
212201100; 7
212201101; 7
000210010; 0
021122001; 7
220011100; 2
020110210; 5
212100120; 4
212100121; 4
122001010; 3
010020000; 0
122001012; 3
221112010; 6
022001211; 0
210010221; 3
020100201; 4
200121000; 1
010220211; 0
021110220; 5
100122210; 2
100122211; 2
022210110; 8
020012110; 0
021020100; 7
200121210; 1
121010220; 8
021101202; 4
210100221; 5
011002200; 0
122120001; 6
221000001; 3
102010012; 5
000021121; 1
000021120; 1
012201021; 0
020210010; 6
121020010; 3
010210201; 0
211002112; 4
000121012; 0
000102211; 0
100022211; 1
120120210; 2
120120211; 2
021100122; 0
120021001; 2
120021000; 7
101102202; 1
011122000; 0
101102200; 1
202112100; 1
121020210; 3
121020211; 5
201012201; 3
000001221; 0
210011022; 3
102001021; 4
102001020; 3
212002011; 3
010001220; 8
200101210; 4
010122201; 2
102020112; 3
102020110; 1
202001001; 1
001001200; 8
001001202; 0
000000012; 0
102100221; 4
000000010; 1
011021220; 0
100110022; 6
211000021; 5
211000020; 6
121220001; 5
001110220; 8
000211002; 0
000120000; 0
000120001; 0
010102102; 0
200001100; 2
100202211; 4
012021100; 0
211001002; 3
200100100; 1
200100102; 4
021112212; 0
002100121; 0
021112210; 0
101201200; 1
121020100; 3
212010021; 3
121020102; 3
012010200; 0
110122012; 2
201211020; 6
001100221; 0
010002201; 0
022110210; 0
122110012; 5
012000211; 4
210102112; 2
001122211; 0
100010202; 7
100010200; 8
211112022; 6
201212001; 6
211112020; 6
112121002; 6
000101002; 4
010201102; 2
110221210; 2
220012101; 2
110221212; 2
101010220; 8
200121211; 2
002211021; 0
200101212; 4
112202211; 4
211021020; 8
212201011; 6
110202102; 2
112120020; 6
112120021; 6
201022011; 6
021112012; 6
200200101; 1
221101020; 4
201100000; 4
220112001; 2
010221201; 2
102110022; 5
121202100; 4
121202101; 4
121122210; 8
210002101; 7
210002100; 4
010200211; 0
100201000; 2
100201002; 1
020101012; 4
120020011; 6
120020010; 6
112022100; 3
112022101; 3
110220100; 5
010120012; 0
220010121; 2
211211022; 6
221110020; 5
221110021; 5
020102110; 0
000002001; 4
020102112; 0
211211020; 6
120100221; 4
020002110; 0
110211022; 6
021211002; 6
201200121; 1
021022011; 6
200002110; 1
102110020; 1
121012210; 8
002212011; 0
121012212; 3
100102210; 2
100102212; 2
210122001; 2
210002211; 4
202102011; 1
211022110; 3
001100220; 8
100020102; 1
100020100; 3
100212100; 1
100212102; 2
101020102; 1
120001120; 4
010202100; 4
002122011; 6
001000122; 0
112101220; 4
021020011; 0
021020010; 8
211122010; 8
100211122; 2
110002122; 2
021202011; 4
110002120; 2
201101122; 4
001102210; 0
221211012; 6
001020010; 3
221211010; 6
200001012; 4
002210121; 0
200001010; 2
022012011; 0
112201221; 4
021012000; 0
010201201; 0
200001211; 2
200102211; 1
100210020; 1
212112000; 7
201010012; 1
212112001; 7
121221012; 6
121221010; 8
100221021; 2
110220102; 2
020011122; 0
102002101; 1
102211200; 1
021100212; 0
100002211; 4
100002210; 1
010021021; 2
010021020; 2
020021010; 8
021200101; 0
021200100; 4
100020211; 2
100020210; 2
011000212; 0
211122120; 8
002120112; 0
010202211; 4
112000210; 4
010020210; 0
112000212; 4
012002100; 8
021110202; 5
121201102; 4
021110200; 5
011211022; 6
110201212; 2
210210001; 6
210210000; 6
011010022; 6
211221100; 8
011100220; 8
121001002; 7
100002102; 2
100002100; 1
002001100; 0
100221112; 1
122000001; 3
221010021; 3
110211220; 8
001121002; 0
020000100; 0
202102101; 7
021101002; 4
022112010; 0
001000102; 0
110202100; 2
211102221; 4
011220112; 0
021201210; 8
210201012; 4
210201010; 4
001202211; 0
112021000; 6
112021002; 6
000121212; 0
021100102; 0
212120121; 5
120112020; 2
020112021; 0
110020021; 2
110020020; 2
002010112; 1
001221112; 0
011020122; 0
121201212; 4
102000000; 3
102000001; 1
102011220; 3
200211012; 1
011000220; 0
110021002; 2
010001212; 4
012002211; 4
001010020; 0
001122112; 0
112201000; 4
112201002; 4
112200201; 4
020221101; 2
122121010; 6
212100201; 4
122121012; 6
022100110; 0
110021020; 2
022100112; 0
020211112; 2
210202110; 4
011220021; 0
000120211; 2
221212011; 6
010220110; 5
100012210; 1
010220112; 0
200112102; 2
010101202; 4
021221100; 8
202011001; 1
202011000; 1
002112120; 0
011221210; 0
011221212; 0
221102121; 4
220010101; 2
121120212; 5
020011021; 0
121120210; 5
012201000; 0
122010012; 5
122010010; 8
001120020; 1
200210110; 1
001212210; 0
210020011; 6
122011012; 3
101221002; 1
002201100; 0
101221000; 1
201120120; 1
010002112; 2
221000101; 3
122101012; 4
001211002; 6
000020121; 1
000122011; 6
212100112; 4
122212110; 8
220000101; 2
020201011; 0
000112201; 0
021122010; 6
021122011; 6
210001021; 2
210001020; 3
020101000; 4
001210021; 0
112012020; 8
010012000; 0
010012002; 2
002112211; 0
020012121; 0
120102201; 4
021211000; 0
011002210; 0
100000210; 1
011002212; 0
100000212; 1
002221011; 6
000010120; 0
020021112; 0
210120210; 2
101200002; 1
101200000; 1
021002121; 4
122120010; 6
122120011; 6
122211012; 6
221001210; 3
122211010; 8
000200001; 2
120021010; 6
102010200; 1
120021012; 2
212221110; 8
001100200; 4
001100202; 7
201012210; 1
201012211; 3
010022101; 3
010022100; 3
022101112; 0
020101102; 0
020212110; 0
220011001; 2
220011000; 2
022121100; 0
112102020; 6
112102021; 4
010122210; 2
010122211; 2
020201121; 2
011210002; 0
012120112; 0
020011120; 0
012022110; 8
001001212; 0
102020121; 3
210120100; 8
221012010; 6
221020011; 3
011002102; 0
020110122; 0
102120021; 6
001201212; 0
100120201; 1
100120200; 2
102112200; 8
220211101; 2
022211101; 0
021011002; 0
112002201; 4
100202100; 4
010210102; 0
200100112; 1
110122000; 2
000101020; 4
110122002; 2
021112200; 0
021112201; 0
121022010; 3
011201122; 0
010022211; 0
200112121; 2
012210201; 0
002020011; 6
122110002; 5
122110000; 5
201212010; 1
201212011; 6
012000201; 4
122001201; 4
210102102; 2
001002201; 0
020210001; 0
011001022; 0
020100012; 0
100010212; 1
020100010; 6
021010021; 0
021010020; 0
021022101; 7
110221200; 2
110221201; 2
121220010; 5
121220011; 5
012000021; 0
020211201; 0
100220211; 1
221101012; 4
000120102; 0
010102002; 2
200101221; 1
010102000; 0
202110102; 5
121002012; 6
002020110; 0
012101122; 0
200012211; 1
011120122; 0
201011220; 3
121002010; 4
121020001; 5
121020000; 7
210002112; 4
110022112; 2
220211112; 2
211022211; 3
221102101; 4
120020001; 7
202101120; 4
001200100; 4
010121220; 0
010121221; 2
121122201; 7
100201012; 1
020012211; 0
010200201; 0
011020012; 0
010202101; 4
211101220; 8
220120011; 2
110201020; 2
210021010; 2
110201022; 2
110002200; 2
010201002; 0
010121002; 0
010201000; 2
210100102; 2
001201210; 0
000211120; 2
022011112; 0
101200221; 1
110202001; 4
110202000; 2
201112020; 6
000010012; 1
010201221; 0
200002101; 2
200101021; 1
211022100; 3
211022101; 3
121012200; 8
012120100; 0
012120102; 0
201020100; 8
220012110; 2
121202001; 4
000010122; 0
100102000; 6
101201212; 1
100020112; 3
211011220; 3
112022001; 3
121012020; 3
110220000; 2
010202110; 4
010202112; 4
221211000; 6
002201110; 8
121201020; 4
101000022; 1
211122000; 8
101000020; 1
102021102; 3
010012200; 0
210210120; 2
210210121; 2
120212110; 2
201202011; 6
210020211; 2
200121001; 2
102021100; 3
012001000; 3
100002021; 1
220110112; 2
121221000; 8
001102212; 1
102212010; 1
210101022; 4
120001201; 2
120001200; 4
100001002; 3
201011002; 1
220101121; 2
201010201; 3
100002201; 1
001021102; 0
110210122; 2
100020201; 2
022011021; 0
100212000; 1
121022211; 3
010120201; 2
010120200; 2
021200112; 4
100011022; 6
021200110; 0
001220211; 5
001102020; 0
011020201; 0
211000002; 4
122102211; 4
011000221; 0
212121120; 8
110201200; 2
110201202; 2
211200000; 4
012002110; 8
002011012; 0
112211202; 7
112211200; 7
020011102; 0
220110021; 2
121201210; 8
001120120; 0
211201020; 6
002110221; 0
121002021; 4
021120112; 0
100221102; 1
102221112; 1
100221100; 1
102221110; 8
120202011; 4
001020000; 0
001020001; 5
210000211; 3
210112122; 2
112201102; 4
210201021; 2
011220102; 0
202011121; 1
011220100; 0
000210012; 1
200010102; 1
000121221; 2
200010100; 2
112000122; 3
112000120; 3
200001120; 2
001221102; 0
001221100; 8
220211011; 2
001102000; 0
001102002; 0
121201200; 8
100012200; 1
010122000; 0
001122102; 0
001122100; 0
010212201; 0
122020011; 6
112200210; 4
112200211; 4
011202021; 0
101221102; 1
122121000; 6
122121001; 6
122000101; 3
122000100; 3
202011010; 1
202011012; 1
212110200; 5
212110201; 5
221102112; 4
101122012; 1
211020201; 5
001201102; 4
000002110; 8
100102012; 2
021120010; 6
011221200; 0
112021102; 3
101200120; 1
122221110; 8
120002011; 2
120002010; 6
121120200; 7
121120201; 7
011202112; 4
200012121; 2
122011002; 3
122011000; 3
010020021; 2
201120021; 5
212201121; 4
010001221; 0
210010000; 7
221000110; 3
210010002; 2
220011120; 2
101221212; 1
221011002; 3
101221210; 1
212100100; 8
000200121; 2
212100102; 4
201101020; 1
201101022; 4
012211120; 0
001212001; 0
001212000; 0
120010102; 2
202000101; 7
200122110; 8
200101200; 2
212110002; 5
120102210; 2
120102211; 4
121010200; 8
121010202; 7
100000201; 1
021100210; 4
020000001; 2
000101200; 4
002102011; 0
001002210; 1
000100120; 0
212100210; 4
212100211; 4
100110220; 8
210120001; 2
210120000; 8
020110120; 0
220121010; 2
122211000; 8
011002000; 0
011002002; 0
102010212; 1
102010210; 1
001100212; 1
212221101; 7
112202121; 4
101102220; 1
101102221; 1
010022110; 3
000221101; 0
010022112; 0
000221100; 8
011201002; 0
121112020; 6
220011012; 2
121112022; 6
022100100; 0
211112002; 6
001110022; 6
000010221; 0
001001220; 8
002120121; 0
020100121; 0
122101000; 4
122101002; 4
020100120; 0
121200021; 4
020210101; 0
020210100; 0
212122011; 6
010102120; 0
010102122; 0
200100121; 1
200100120; 4
122100201; 4
211001022; 3
100202112; 1
002120110; 0
100202110; 4
112002211; 4
200211121; 2
011120002; 0
002011122; 3
010122120; 0
010122121; 0
020110012; 5
202101201; 4
022100101; 0
202211112; 1
202211110; 1
020100000; 0
020100001; 4
012112120; 8
212002101; 7
022102110; 0
122001210; 4
122001211; 4
202021101; 7
010020211; 0
000101022; 4
020110212; 5
021210211; 0
211021000; 8
101002002; 1
100010002; 2
110202120; 2
110202121; 4
112120002; 6
012000010; 4
000120112; 0
210121200; 2
221110221; 5
221101000; 4
221101002; 4
212012101; 7
010210000; 0
010210002; 0
010211022; 6
002221101; 7
011022010; 0
012002001; 3
120021201; 2
022021011; 6
221101122; 4
110022102; 2
121202121; 4
102110002; 5
012102121; 0
100022011; 3
100022010; 3
020021011; 0
212112021; 6
011201220; 0
000100201; 4
100120210; 2
100120212; 2
000211020; 2
210102001; 4
210102000; 2
100201021; 1
100201020; 2
211002120; 4
212020011; 6
000021012; 0
110002210; 2
212112201; 7
110002212; 2
110202010; 4
010002000; 2
120100201; 4
120100200; 4
012001120; 0
012001122; 3
022011102; 3
011002012; 0
022011100; 0
021211020; 0
120000102; 2
011100202; 0
120110212; 5
200200011; 6
201001200; 3
100001122; 1
021000102; 0
012010000; 7
122200101; 4
012010002; 5
210221010; 2
210221011; 6
011120220; 0
011120221; 0
120020101; 7
122110212; 5
210220011; 6
122110210; 5
121202010; 4
121202011; 4
010201122; 2
101020120; 1
120001102; 3
211212021; 6
112022010; 3
112022011; 3
110220010; 2
121012012; 6
110220012; 2
212210121; 5
110002102; 2
000010021; 0
112101202; 4
012212121; 0
012001012; 4
100112212; 2
102221121; 1
001211220; 8
200020101; 2
220110102; 2
220110100; 2
020000121; 4
012102001; 0
011010220; 0
102012120; 3
020001001; 2
110220120; 2
110220121; 5
002221110; 8
002001102; 3
120001210; 4
210110220; 5
120001212; 2
212001121; 3
201010212; 1
201010210; 3
210110221; 5
100221001; 2
100221000; 2
021200121; 4
100212012; 1
100212010; 1
112011022; 6
010120212; 0
010120210; 0
001020012; 0
010021002; 0
010021000; 0
011000200; 0
011020210; 0
021110221; 0
011020212; 0
211122100; 8
202101012; 4
020201100; 2
211200010; 4
120221112; 2
211200012; 4
120221110; 8
211201012; 4
210011221; 3
102011022; 3
201121210; 8
102011020; 1
200001102; 4
102221100; 1
102221101; 7
002001121; 1
002001120; 3
001022211; 3
121221100; 7
121221102; 7
221200110; 4
022112011; 0
202011120; 3
000200100; 4
210000201; 3
221102211; 4
022110112; 0
221011020; 3
012122001; 6
012211221; 0
221112210; 8
200010112; 1
202100010; 1
101201022; 1
101201020; 1
120122001; 6
012122100; 0
102000021; 3
011020102; 0
012122101; 0
000200101; 0
020122011; 6
001102012; 0
220012011; 6
202000011; 1
100012212; 1
110021022; 2
200221101; 1
001011022; 6
020112210; 0
010022010; 0
121110220; 8
000121210; 0
002010210; 0
022121001; 0
211112200; 7
221011000; 3
001200021; 0
122000112; 3
001020102; 0
122000110; 3
001020100; 1
201001020; 3
221120110; 8
200112120; 2
120210012; 2
011220001; 5
011220000; 0
101122002; 1
120002001; 3
101122000; 1
102000121; 1
102000120; 3
211020210; 3
211020211; 3
021100012; 4
122221101; 7
122102001; 4
001221000; 0
011202102; 0
011202100; 4
012110122; 5
101221020; 1
011122210; 0
022201011; 0
011122212; 0
002001112; 0
000102120; 0
001121020; 1
010020012; 0
001121022; 0
010020010; 0
210100212; 4
210001002; 4
210001000; 6
101221200; 1
001002000; 0
021011202; 3
221221110; 8
010012021; 0
010012020; 0
001212012; 0
002012121; 0
001212010; 0
010001122; 0
010100221; 0
010100220; 8
001020211; 5
001020210; 0
002011120; 3
120112212; 2
021221010; 8
120112210; 8
002011221; 0
011221012; 0
002102001; 0
021010201; 0
112110022; 5
012200121; 0
011020120; 0
210021201; 2
021010200; 5
102101002; 1
211002121; 4
210120010; 2
112202110; 4
101200201; 1
101200200; 1
221020101; 5
102102021; 1
200211010; 1
202100001; 1
221110002; 5
221101102; 4
112102000; 6
212100000; 4
220000011; 2
020201101; 0
201020010; 8
011002221; 0
000020001; 0
121102012; 6
221000121; 4
110000200; 2
110000202; 2
020210112; 2
201200101; 1
020210110; 0
200010201; 3
110012122; 2
011022201; 0
122211100; 8
122100210; 4
122100211; 4
010122112; 0
202110021; 5
100202121; 4
012102201; 4
122211102; 7
122110020; 5
202101211; 1
020110021; 0
020110020; 0
021011022; 3
021011020; 0
202211100; 1
202211101; 1
020201211; 0
000112002; 2
212002110; 4
010211020; 6
220001001; 2
202021110; 8
012000000; 4
211220001; 5
021010002; 3
021010000; 0
001210000; 0
021001012; 3
000211212; 1
220211010; 2
212012121; 3
221110212; 5
000120121; 1
221110210; 5
220210011; 6
102101220; 4
102101221; 4
010112020; 8
100022001; 3
010112022; 0
002100010; 0
120021210; 2
120021211; 2
202101100; 1
011201212; 0
202101102; 4
220112110; 2
102210000; 1
020021001; 2
020100100; 0
102120001; 6
102120000; 6
210102012; 4
210102010; 4
102022011; 6
020121102; 0
000201201; 0
211101202; 4
012121012; 0
220102110; 2
000020110; 8
000020112; 0
120100210; 4
100120000; 6
120100212; 2
100120002; 1
021000121; 4
021000120; 4
021112021; 0
010201200; 0
120110202; 5
120110200; 2
010002021; 0
010200210; 0
011120212; 0
221101212; 4
201001210; 3
201001212; 1
020001021; 2
122200110; 8
120020112; 3
001020121; 1
120020110; 2
210212121; 2
122110200; 5
110221221; 2
000212110; 0
001020120; 1
121012000; 3
000120120; 0
121012002; 6
010021120; 0
200011212; 1
100102021; 1
100102020; 1
002012101; 0
012121120; 0
012121122; 0
220120101; 7
211122021; 6
220101001; 2
101001022; 1
200112000; 1
120221211; 2
021201010; 8
200121021; 2
100112202; 1
200112100; 2
100112200; 8
020010012; 0
202100121; 1
010102201; 0
010102200; 2
121220211; 5
002021110; 8
000112200; 1
212010102; 5
100220011; 5
100220010; 5
212001112; 4
201001102; 4
220101100; 2
220101102; 4
200002011; 1
211022010; 3
211022011; 3
012120012; 0
012120010; 0
200012010; 1
201102021; 1
211102012; 4
021200010; 6
001112202; 7
201010221; 5
102121012; 6
112212000; 7
100020121; 1
010021012; 0
120001002; 3
200112021; 1
020010121; 0
010120221; 2
120221100; 7
110002000; 2
110002002; 2
021020112; 0
021020110; 8
022012110; 8
020010120; 0
001000002; 0
000210102; 1
211201000; 6
211201002; 4
020121100; 0
201112200; 1
000010102; 2
110012202; 2
100221121; 1
110012200; 2
120200010; 8
120110022; 5
010202121; 4
120110020; 2
010112002; 2
010210200; 0
201102112; 4
201101212; 4
202120101; 7
020011020; 0
011220120; 0
122112210; 8
201121020; 8
012000001; 4
100021221; 2
000102121; 0
221112201; 7
112000102; 5
110220201; 2
001221120; 1
120122010; 6
120122011; 6
110001022; 6
000001012; 1
110200221; 2
012110002; 5
001120021; 1
001102021; 0
001200121; 0
001122120; 0
121001122; 4
200000112; 4
100112022; 6
012001200; 4
100112020; 1
201201112; 4
102221001; 6
100221012; 1
002120001; 6
221120100; 5
221120101; 7
101210002; 1
022121011; 0
012110220; 5
012110221; 0
011220010; 0
102100210; 4
011220012; 0
002200011; 0
212110221; 5
122000121; 3
102210120; 8
001212211; 0
021100021; 4
021100020; 4
021110022; 5
021110020; 0
001221010; 8
001221012; 0
112021122; 3
112021120; 3
011020000; 0
122102010; 6
122102011; 4
122011020; 3
010020001; 0
201120001; 5
201120000; 8
000001120; 4
011122200; 0
011122201; 0
112201122; 4
112211002; 7
221120211; 5
021000010; 6
001120210; 0
011022100; 0
201120121; 1
122020101; 3
021000012; 0
110121022; 6
210001012; 4
002210100; 7
120010120; 2
001020201; 0
101102020; 1
112220121; 5
002112010; 1
121200102; 4
110010022; 2
120112200; 8
021112020; 0
210022011; 6
221000100; 4
120002101; 2
120002100; 2
010000200; 0
221102001; 6
002001012; 4
200100001; 2
221112021; 6
210021210; 2
101211022; 6
011012200; 0
002001010; 0
100110202; 5
002121121; 1
210001120; 2
210001122; 4
011202000; 0
211002021; 3
202001211; 1
102201021; 4
202110100; 1
112202100; 4
112202101; 4
101200210; 1
011012022; 0
002100211; 0
210121000; 2
000012000; 0
211001220; 8
121112002; 6
020211010; 0
212100012; 4
212100010; 4
201201000; 6
020201110; 8
000011200; 3
020201112; 0
000011202; 3
010100122; 0
010001200; 0
220101012; 4
010021122; 0
121011220; 8
011221000; 0
220011201; 2
011221002; 0
121102002; 6
012000210; 4
121102000; 6
021000201; 0
010001202; 0
210010021; 2
210010020; 3
110000212; 2
002102101; 0
102201112; 1
020210121; 0
000120100; 0
021001122; 4
001200201; 0
101022000; 1
011022211; 3
220010010; 2
112012200; 7
011120022; 0
121021102; 7
220110201; 5
201001120; 1
012102210; 4
121212010; 6
121212012; 6
010221120; 2
010221121; 2
020101212; 4
110212120; 2
022101120; 0
110212122; 2
200122101; 7
110010202; 7
101021212; 1
211102200; 4
221020110; 8
011002021; 0
011002020; 0
000100020; 4
110001220; 2
101202120; 1
101202121; 4
022201101; 0
102021112; 3
221110200; 5
210201100; 2
200011201; 3
100010022; 6
012211201; 0
100010020; 1
210211020; 6
210211021; 6
000021211; 2
210201102; 4
021000000; 4
021000001; 0
022211121; 0
212110021; 5
102101212; 4
010210021; 0
010210020; 0
110022120; 2
110022121; 3
020100102; 0
210110122; 2
200110221; 5
220011210; 3
220011211; 2
011201200; 0
012021102; 0
011201202; 0
000101220; 4
022121010; 0
210102021; 2
202211001; 1
020100112; 0
102120010; 6
022211112; 0
102120012; 6
022211110; 0
012020011; 6
012020010; 0
120211012; 2
210220101; 5
012121000; 0
102021021; 1
012000100; 4
012000102; 5
022011120; 0
022011121; 0
200210011; 6
200210010; 1
100120012; 6
200221011; 2
102012210; 1
110022021; 2
102002211; 4
001012020; 0
012221110; 8
012221112; 0
100022101; 3
100022100; 3
011120200; 0
011120202; 0
202101001; 1
202101000; 4
000212121; 0
020001012; 0
012010021; 0
012010020; 3
012011002; 0
012122110; 8
021010012; 6
020021101; 7
121010212; 3
210200121; 2
212210100; 7
212210101; 7
011122122; 0
100210102; 2
010121122; 0
202101210; 4
121202211; 4
212020101; 7
012212101; 0
220120110; 8
112110220; 8
012020121; 0
120211120; 2
120211122; 2
211000221; 5
020010000; 0
202110201; 1
002011200; 0
100220001; 5
010112220; 8
010112221; 0
010102212; 2
220110121; 2
010102210; 4
002101102; 0
011010202; 7
211110022; 6
102012100; 8
212001010; 4
001102122; 0
012120021; 6
212001100; 4
210010102; 2
212001102; 4
112010202; 7
210200010; 4
112010200; 3
010120000; 0
211102000; 4
201002011; 6
211102002; 4
120001012; 3
000021021; 2
201002010; 4
021211212; 0
022102011; 0
021211210; 0
112010022; 3
210021120; 8
112010020; 8
110002012; 2
201112012; 1
011112022; 6
120100000; 2
200001121; 2
120100002; 4
200102011; 6
200102010; 1
102011002; 3
001121212; 0
220110010; 2
120200001; 2
220110012; 2
122011120; 3
110021220; 2
122011122; 3
002110210; 0
211002102; 4
001011220; 8
001210012; 0
212010001; 7
212010000; 3
101201220; 1
211212001; 6
012101002; 4
010112122; 2
201102102; 4
211002100; 4
201102100; 4
000201021; 0
220110001; 2
012100201; 4
120010020; 2
102200211; 4
112212100; 8
101201002; 1
000112122; 0
000112120; 0
110220210; 2
110220211; 2
020020011; 2
120221001; 2
220100112; 2
021001000; 0
200121100; 1
220110000; 2
200102121; 1
022112211; 0
201001002; 4
012001212; 4
012001210; 4
211201102; 4
102221010; 6
102221011; 6
121110202; 7
001121220; 8
211000000; 3
201220101; 5
211220121; 5
212200110; 4
002000110; 8
201002001; 6
200201100; 1
100021122; 1
102000102; 3
100021120; 1
102000100; 1
100221201; 2
102210112; 5
220011010; 2
112000000; 5
000020100; 0
112000002; 3
020122101; 0
201122010; 8
010021201; 2
010021200; 2
001000120; 4
202011112; 1
110200122; 2
011202121; 4
110200120; 2
002200110; 1
002211102; 0
201101200; 1
212201001; 6
201120010; 8
012210021; 0
120201201; 2
201101202; 4
002020101; 0
121211020; 6
012200211; 4
121211022; 6
221120001; 5
122020110; 3
010100202; 0
110112022; 2
010012122; 2
112220112; 5
112220110; 5
022100001; 0
200011221; 2
001202011; 4
001202010; 4
120002112; 2
122221011; 6
120002110; 2
100200012; 1
002021121; 1
102000211; 4
102000210; 4
101020021; 1
221112012; 6
101020020; 1
012200101; 7
012200100; 7
121200120; 4
121200121; 4
010020100; 0
201202101; 4
010020102; 0
011202010; 4
011202012; 0
202100112; 1
211001212; 3
002112001; 0
100221210; 2
000202101; 4
001120221; 1
212100021; 4
211102201; 4
102102001; 1
102102000; 6
110212002; 2
020002101; 0
110212000; 2
000122112; 0
022101201; 4
022021101; 7
000202110; 4
100211212; 1
000011212; 0
210102211; 4
000122010; 6
002112000; 8
000102102; 0
011220201; 0
212001120; 3
021210012; 6
001201020; 0
002102110; 8
000210120; 0
110000221; 2
110000220; 2
100200121; 4
100200120; 2
002012100; 8
110020221; 2
101002120; 1
102201102; 1
102201100; 4
211202121; 4
101002021; 1
101002020; 1
102202101; 4
122211120; 8
101002122; 1
202110001; 1
202110000; 1
112202001; 4
000001000; 2
210110002; 2
002010010; 1
210001201; 2
210001200; 2
020101221; 2
200020011; 2
012101221; 4
121212000; 6
002112201; 0
001220112; 0
100000020; 2
100000021; 4
000000100; 4
010221112; 0
002212101; 0
000102000; 0
101021202; 1
022211211; 0
101021200; 1
122010100; 3
010200021; 0
000122121; 0
000000021; 2
102101020; 1
102101022; 4
011221102; 0
122010102; 3
000100122; 0
101021022; 1
101202112; 4
101021020; 1
120212112; 2
002200101; 0
102101200; 4
102101202; 4
022000110; 0
000021201; 2
000211012; 1
010122001; 0
212102001; 7
021001102; 4
000002112; 0
021020101; 7
202201110; 1
020010010; 0
022211100; 0
220211100; 2
101202201; 1
001010002; 6
202211010; 1
202211011; 1
211121020; 8
110221020; 2
110221021; 2
120211002; 2
120211000; 8
012020001; 6
002010012; 1
210220110; 8
012000112; 4
000001002; 0
100120021; 1
100120020; 1
210112000; 7
101001220; 8
221101120; 4
221002011; 6
200210001; 6
211021120; 8
120110220; 5
010002001; 4
122012110; 8
021000100; 4
100202101; 4
022021110; 0
012221100; 0
012221101; 7
100022112; 3
012102000; 8
100022110; 3
211211002; 6
000110221; 0
000110220; 5
210212100; 2
101020002; 1
202101010; 1
101020000; 1
112210102; 5
202100011; 1
001002010; 4
212102100; 8
120201211; 2
001201122; 0
001201120; 0
220100011; 2
220100010; 2
202010011; 1
202010010; 1
020121012; 0
200001001; 2
102022101; 3
001211212; 0
012121102; 0
212020110; 8
201002101; 1
201002100; 4
100112220; 8
212010100; 7
000110002; 5
202012101; 7
021002101; 0
010102221; 0
212010120; 3
212010121; 3
001022100; 3
022201110; 8
000210121; 0
211210020; 6
021122101; 7
022110021; 0
200211000; 6
221120010; 8
210200001; 6
221011212; 3
200112001; 1
221011210; 3
000221011; 0
000221010; 8
201102001; 4
201102000; 1
220100121; 2
212210001; 7
120001021; 4
120001020; 4
201020211; 5
020110002; 0
012212001; 0
120121002; 6
201112002; 1
201112000; 6
010000210; 4
110002021; 2
110002020; 2
120100012; 6
110021212; 2
002002110; 8
020010102; 0
200102001; 1
100220101; 5
100220100; 5
110012220; 2
120110002; 2
102012000; 8
220001110; 2
201001012; 3
200012100; 1
212001001; 6
212001000; 4
220101010; 2
120011212; 3
000112221; 0
100021201; 2
100021200; 2
102210210; 1
000201012; 0
000201010; 2
000221121; 2
100100212; 2
012100212; 4
110210020; 2
212110020; 5
211102102; 4
202011021; 3
021012012; 6
110200201; 2
110200200; 2
120221010; 8
120221011; 2
012110020; 5
001112200; 0
012110022; 5
200012101; 1
012001221; 4
020010210; 0
100112002; 2
210021121; 2
120200101; 2
120200100; 4
010200102; 2
120001000; 4
210102100; 8
011102122; 0
001112220; 8
001112221; 0
000220011; 5
012102100; 8
020121010; 0
002000112; 0
201220110; 8
211220110; 5
102210100; 8
020001201; 0
102210102; 5
202211121; 1
002201112; 0
201220011; 5
002021001; 6
211012002; 3
102000112; 5
100221211; 2
021121002; 0
112000012; 4
000102112; 0
020122110; 0
010021212; 0
002011212; 0
121200201; 4
000001102; 3
011122221; 0
011020021; 0
011020020; 0
212201010; 4
121210210; 8
121210212; 5
212012100; 7
212200011; 4
201121000; 8
112211022; 6
120201210; 8
112211020; 8
201120201; 5
101202012; 1
020211000; 2
001012200; 0
020211012; 0
112220100; 5
112220101; 5
101102002; 1
221120011; 5
201012001; 6
201012000; 1
001202001; 4
021012010; 6
121021012; 3
022120101; 0
000210000; 0
010100212; 4
120221101; 7
102000201; 4
021201112; 4
101022201; 1
010110202; 7
221112001; 6
100200000; 1
100200001; 4
002011210; 0
121121202; 7
120002121; 3
121121200; 7
011012220; 0
121200112; 4
212112100; 8
002121100; 0
002121102; 0
000210001; 0
211002001; 3
211002000; 4
012200110; 0
202121001; 1
012200112; 4
112120012; 5
010020112; 0
002211001; 0
002211000; 0
101210020; 1
000001212; 4
101210022; 1
000001210; 0
102102010; 6
210121021; 2
011012002; 0
221021110; 8
211001200; 3
102201001; 4
102201000; 1
011202201; 0
022101211; 0
200201011; 6
200201010; 6
000011221; 0
000011220; 3
010221210; 0
010221211; 0
002121012; 0
200011122; 1
121011202; 7
200011120; 1
000122001; 6
210022101; 7
011220210; 0
011220211; 0
012110200; 0
002011102; 3
121102020; 4
121102021; 4
211202112; 4
211202110; 4
012110202; 5
022010211; 0
020101021; 4
210121020; 8
212011200; 3
212011201; 3
102202110; 8
200001112; 1
010001002; 6
202110010; 1
210120120; 8
112202010; 4
112202011; 4
200201121; 2
010021210; 0
210120121; 2
201121200; 8
101220120; 1
101220121; 1
210001212; 4
110212102; 2
210001210; 3
022101100; 0
202110210; 1
022101102; 0
121122012; 6
002112210; 1
121122010; 6
100000012; 1
220011102; 2
022101210; 4
010200012; 0
010200010; 4
010110022; 5
100221120; 1
022000011; 0
101002102; 1
201120100; 1
000220101; 5
020110102; 0
102220011; 6
200000211; 1
120200011; 2
120212100; 2
210211000; 6
120202110; 4
210211002; 6
221001112; 4
020102121; 0
021000021; 4
200120121; 1
021121210; 8
021121212; 0
021112000; 6
012211122; 0
010122010; 2
121112200; 8
000021210; 2
121112202; 7
002110102; 5
000002100; 0
000002101; 0
200110201; 5
200110200; 1
110221012; 2
220011112; 2
101202210; 1
101202211; 4
020121210; 2
002110200; 0
012010102; 5
211122210; 8
001010022; 6
022110120; 0
202121121; 1
000200112; 4
102021001; 1
102021000; 6
202001011; 1
210101122; 4
110022001; 2
110022000; 2
020121211; 2
201112221; 1
212011020; 3
212011021; 3
122012100; 3
011220121; 5
011200221; 0
001012002; 0
001200102; 0
120220011; 5
012102010; 4
121212210; 8
002110122; 0
100022121; 3
200012011; 1
012011020; 3
012011022; 3
202101121; 1
001112212; 1
101020012; 1
101202100; 4
002110201; 0
101202102; 1
001002001; 4
221102100; 4
000212001; 0
100210120; 1
100210122; 2
101121022; 1
212000011; 3
212000010; 4
210200101; 2
210200100; 4
120211102; 2
012020101; 7
012020100; 0
102022110; 3
201002112; 4
010010122; 2
200201110; 1
021010212; 0
020010021; 0
021010210; 0
010112200; 7
010011220; 3
010112202; 7
200210101; 1
200210100; 1
211000201; 3
211000200; 3
002101120; 0
011121220; 8
001122001; 0
010002102; 2
202001121; 1
122001001; 4
122001000; 3
010120122; 0
012221001; 6
020001100; 4
221012001; 6
001201200; 0
112010220; 8
122002011; 3
012121020; 6
012121021; 6
020211210; 0
012220110; 8
122201121; 4
221011200; 3
021120210; 0
200112012; 1
000221001; 2
212000121; 3
201210000; 6
021120211; 5
021220011; 5
112010002; 5
211120210; 8
020011200; 0
021101122; 4
020010112; 2
002101021; 4
120211212; 2
020211211; 0
120211210; 8
122011102; 3
021102112; 0
110021200; 2
110021202; 2
120100020; 4
100220112; 5
011210220; 0
100220110; 5
112001122; 3
000102012; 2
200100021; 5
220101021; 2
011102002; 0
201102121; 4
102012010; 8
001220001; 5
200012112; 1
202010001; 1
200012110; 1
120011202; 3
110002201; 2
102002011; 1
102002010; 8
120010002; 3
012100221; 4
120010000; 2
100021210; 2
220010001; 2
100021212; 2
220110211; 2
212211120; 8
000010020; 0
202011201; 3
000112102; 2
101122221; 1
120011022; 3
002012011; 0
120011020; 2
112212120; 8
000001020; 4
112101022; 6
002012010; 1
110200210; 2
110200212; 2
200101120; 4
221000010; 3
021120000; 7
212102110; 8
000121021; 1
211201122; 4
211201120; 4
201201120; 1
200101122; 4
021210201; 0
200102100; 2
120200112; 2
210122010; 8
120200110; 8
021102021; 4
122011212; 3
001121202; 0
122011210; 3
201102010; 4
201102012; 4
210000021; 2
220001121; 2
002000100; 0
200010012; 1
110210202; 2
100021102; 3
000211221; 0
122100021; 4
112000021; 4
112000020; 6
210102201; 2
121022110; 3
121022112; 3
121200210; 8
121200211; 4
010021221; 2
211020000; 8
110200102; 2
202001100; 1
022001001; 0
001122121; 1
002211120; 0
002211121; 0
212120110; 8
201201010; 6
201201012; 1
210011122; 2
121210200; 8
000201000; 0
012001201; 0
001102102; 0
220001011; 2
220001010; 2
201120210; 8
201120211; 5
020101002; 0
201021000; 8
200120011; 6
210112200; 7
210112201; 7
201012012; 1
201012010; 1
200120010; 8
121021002; 7
100221010; 2
121021000; 7
200011200; 3
202110012; 1
022120110; 0
021201102; 4
021201100; 0
002021100; 0
002102100; 0
012220101; 7
110102002; 2
002021011; 6
121200100; 4
102121020; 6
102200010; 4
000001200; 8
000001201; 0
211002010; 4
211002012; 4
211220100; 5
211220101; 5
002211010; 1
210121120; 8
010020121; 0
010020120; 0
201022110; 8
021212011; 0
101220201; 1
110212020; 2
011202210; 0
112200112; 5
001120201; 5
001120200; 0
112220001; 5
010221100; 2
200212101; 1
121000021; 4
121000020; 4
010211122; 2
001202101; 4
001202100; 4
010221102; 0
221010201; 5
022110010; 0
000220110; 8
210022110; 8
100200102; 2
100200100; 4
210221001; 2
211120200; 8
211120201; 5
211012000; 3
102201120; 1
102201121; 4
000210100; 0
121211002; 6
022120011; 6
110020201; 2
110020200; 2
022011001; 0
022011000; 0
112112220; 8
211120020; 8
101002000; 1
210110020; 5
101220112; 5
210110022; 5
002121001; 0
201122121; 1
220201011; 2
101120212; 1
211001202; 3
001020112; 0
101012002; 1
220011021; 2
100000002; 2
020002011; 0
210001221; 2
100212210; 1
010100002; 2
101021220; 1
121122001; 7
010200000; 0
010200001; 4
000122101; 0
000122100; 0
002122101; 0
201101220; 4
012012121; 0
012011122; 3
210100120; 2
000100102; 0
210100122; 4
002011002; 1
112020112; 5
102201010; 4
102201012; 1
000210210; 0
011221122; 0
100200211; 4
100200210; 1
220102101; 2
021122211; 0
021011200; 0
012112200; 7
012112201; 0
221001102; 4
011210022; 0
221001100; 3
110202201; 2
010010020; 0
010010022; 6
010122021; 0
100102002; 2
011210020; 0
220121001; 2
021012211; 0
110212200; 2
010221000; 2
200112010; 1
022101001; 0
022101000; 0
120101002; 2
000020010; 0
100100020; 6
100100022; 6
110221000; 2
110221002; 2
112020021; 6
110220001; 2
012100210; 4
101202001; 4
101202000; 1
102021012; 6
211122201; 7
010021102; 0
101001202; 7
020112112; 2
220112101; 2
202110120; 5
210211102; 2
110022010; 2
201210021; 5
110022012; 2
202110121; 1
120102021; 4
001100020; 4
001012012; 0
001100022; 6
001002021; 0
012221121; 0
210110200; 2
210110202; 5
100001200; 8
012102021; 0
100001202; 7
012122121; 0
022211010; 0
022211011; 0
102021120; 3
102021121; 1
101021002; 1
021020001; 5
101020201; 1
101020200; 1
011020002; 0
212000001; 7
221000211; 5
021010221; 0
211122001; 6
012020110; 8
012020112; 0
211000210; 3
211000212; 4
201002121; 4
001220010; 5
011022121; 3
000120210; 2
200210112; 1
221002101; 3
012221010; 6
012221011; 6
112001002; 6
001210020; 0
001122012; 0
110012022; 2
220000110; 2
110012020; 2
020001112; 0
010000012; 4
011200122; 0
221012011; 6
011200120; 0
120211020; 2
022110001; 0
022110000; 0
202010101; 1
202010100; 1
021012201; 0
122201112; 4
021120001; 7
122201110; 8
201210012; 1
211101022; 4
201210010; 6
000001122; 0
220100101; 2
220100100; 2
120211200; 8
201112021; 6
012122011; 6
021001120; 4
212211000; 7
212211001; 6
020211021; 0
200001000; 2
112112020; 8
012001002; 4
021102102; 0
021102100; 0
112201120; 4
000121102; 0
001200211; 0
120022011; 6
112200021; 4
022121110; 0
100220121; 1
102002001; 3
212001021; 3
210200110; 2
210200112; 4
000110202; 5
001112022; 6
001112020; 6
022000101; 0
211102122; 4
211102120; 4
212110000; 5
120010012; 2
002001201; 4
002110120; 0
002112021; 0
220112010; 2
202011210; 1
202011211; 1
220112011; 2
101122212; 1
101122210; 1
011212002; 0
011212000; 0
121101022; 4
021210210; 0
102011122; 3
200102112; 1
210021100; 8
021101220; 4
122011200; 3
010122012; 0
020112211; 0
210011002; 2
210122110; 8
011122020; 0
011122021; 0
110120002; 2
210000012; 4
210000010; 4
002211201; 0
120200121; 4
001012201; 0
001212021; 0
112210120; 8
212101120; 4
212101122; 4
212200101; 7
210011220; 3
121001212; 3
200010211; 1
110120220; 2
110120221; 2
211012020; 6
211012021; 6
000002010; 4
200112201; 1
201001122; 4
020020110; 0
201102201; 1
000112000; 0
121022100; 3
121022101; 3
002100112; 0
021212001; 0
101201122; 1
020200101; 0
000110020; 0
101102022; 1
002102211; 4
112122010; 6
002121000; 0
000110022; 5
120010122; 2
212120100; 8
212120101; 7
202012011; 1
220101120; 4
200110210; 1
202112110; 1
101210220; 1
212101012; 4
121000102; 3
201012021; 6
210121221; 2
220112112; 2
201010200; 3
010212021; 0
002000001; 0
201100221; 5
000221112; 0
000200211; 0
102210012; 1
100021000; 1
102210010; 1
100021002; 1
200011210; 3
221021010; 8
010110220; 8
100200021; 1
102211012; 1
202110112; 1
002021112; 0
102200001; 4
021021112; 0
000210021; 0
201202110; 4
010012221; 0
110200000; 2
110200002; 2
210100021; 2
210100020; 4
121102221; 4
200000110; 1
200110212; 1
201021120; 8
200021211; 2
011212221; 0
200121201; 2
211002201; 3
001120212; 0
000101212; 4
100000221; 1
112200102; 5
112200100; 5
001021200; 0
012021010; 0
002100210; 4
221010210; 3
221010211; 3
112220010; 5
112220011; 5
101022120; 1
001202112; 4
112221010; 6
001202110; 4
112221012; 6
102001221; 4
012012021; 0
000211102; 2
000210112; 0
100200112; 5
110020210; 2
110020212; 2
121200001; 4
121200000; 4
002121010; 0
000011020; 0
201021010; 8
100012020; 1
200110002; 1
201122110; 8
022011010; 0
022011012; 3
000100000; 0
101211220; 8
100011220; 8
022010010; 0
101220100; 1
010001022; 6
101220102; 1
010001020; 0
101120202; 1
101120200; 1
021021012; 0
200201101; 1
021101212; 4
010211220; 0
010211221; 0
021202110; 4
011012202; 0
020021211; 2
011020200; 0
002110000; 5
210021211; 2
000122110; 0
121021212; 3
002122110; 0
121021210; 8
212221011; 6
100200201; 1
020200011; 0
112020102; 3
211112220; 8
112020100; 3
121121002; 7
101220210; 1
101220211; 5
212211100; 7
211202001; 4
000210201; 0
220010100; 2
002121120; 0
001210212; 1
221210010; 6
211200001; 5
110202210; 2
110202211; 4
010020201; 2
102201201; 4
012000121; 0
200120101; 7
011122002; 0
201110202; 5
012000120; 0
201022101; 7
011202001; 0
010221012; 0
200101201; 1
010221010; 0
100000102; 1
022101012; 0
022101010; 0
121112220; 8
200000010; 6
021000112; 4
200000011; 6
010200100; 4
012011220; 3
012011221; 0
200010210; 1
202112211; 1
110100220; 2
212011221; 3
101002012; 1
200102110; 8
120212010; 2
010212120; 0
101202010; 4
000020211; 2
120000121; 4
120000120; 3
020210211; 0
010010220; 8
020112102; 0
012100200; 4
000121002; 0
212011000; 3
212011002; 3
101200212; 1
112002100; 3
202110211; 1
200110122; 1
101212210; 1
200110120; 1
101212212; 1
120012210; 8
000002011; 0
200200110; 1
210120021; 2
011200201; 0
011200200; 0
101120022; 1
101120020; 1
100001212; 1
022110121; 0
020200110; 2
020120011; 6
120000010; 6
120000012; 2
200120100; 8
010201212; 0
011012020; 0
010201210; 0
110221102; 2
101020212; 1
101020210; 1
000212211; 0
012102120; 0
012100021; 0
212212101; 7
120210010; 8
221002110; 3
122210110; 8
101002200; 1
122210112; 5
020211102; 2
020211100; 2
102002100; 3
122012010; 8
202001101; 1
000120201; 2
220112100; 2
011121202; 0
010002121; 0
010002120; 0
020102011; 6
020102010; 6
001012000; 0
000021000; 0
021121012; 0
021112002; 6
022110012; 5
001122010; 0
100002112; 2
001022011; 3
001022010; 3
011201020; 0
220100110; 2
001201000; 8
012021120; 0
001201002; 0
021012210; 0
011201022; 0
211102020; 4
002000101; 0
212000101; 7
212000100; 7
002101002; 0
002101000; 4
202121110; 1
010212102; 2
012202011; 4
210000210; 4
110022201; 2
002012211; 0
020021110; 8
012211021; 0
122122011; 6
011021122; 0
210112120; 2
011102020; 0
011102022; 0
010011022; 6
120011220; 3
122201211; 4
112210122; 5
022110102; 0
210101020; 4
202102110; 8
020112201; 0
000221110; 8
102112000; 8
202101021; 4
101122200; 1
101122201; 1
120011002; 3
101022121; 1
022211001; 0
000022011; 6
202100100; 1
221200101; 4
021220101; 5
012122010; 0
020212101; 0
002021010; 6
212211102; 7
210101212; 4
011122012; 0
221100112; 4
011001220; 8
021102001; 4
021102000; 6
001010221; 0
001010220; 8
210122100; 8
210122101; 7
001122201; 0
200112211; 1
210000000; 3
210000001; 4
122201100; 8
122201101; 4
021120012; 0
200221110; 8
110210220; 2
200021010; 8
121001202; 7
121001200; 8
220001100; 2
201102211; 1
220010112; 2
110120212; 2
220010110; 2
212110102; 5
220121110; 2
200112210; 1
010202001; 4
000112012; 2
201102210; 1
112011220; 8
010120102; 0
201011022; 3
020011221; 0
201020001; 5
011112202; 7
112122000; 6
112122001; 6
211020021; 5
220100001; 2
210021001; 2
210021000; 8
021110002; 0
101210212; 1
020221011; 0
221100021; 4
012021021; 6
012201210; 4
212101002; 4
202112101; 1
212101000; 4
210112221; 2
211220010; 5
211220011; 5
022010101; 0
100121022; 6
210121210; 2
211221010; 6
220001211; 2
002000010; 8
002000011; 0
100021012; 1
120010200; 3
221010010; 6
200021121; 2
010122100; 0
212101221; 4
102211002; 1
100020010; 3
102211000; 8
100020012; 2
202210011; 1
121022001; 3
110102020; 2
121102212; 4
110102022; 2
121102210; 4
102121000; 6
102121002; 6
110200012; 2
010220010; 0
201002110; 1
000000112; 2
200000100; 2
200000101; 1
100012102; 2
220112211; 2
212120001; 6
010121022; 0
201121120; 1
211002210; 4
211002211; 3
121000002; 6
002211210; 0
121000000; 4
001021210; 8
001021212; 0
002100201; 4
201100122; 4
102202011; 4
201100120; 4
112221000; 6
112221001; 6
001221210; 0
022001011; 0
211120221; 5
102200101; 1
102200100; 8
002121021; 0
000020011; 6
121200012; 4
120012010; 8
121200010; 4
012002011; 0
012002010; 4
000002211; 4
002021101; 7
200001210; 1
012201120; 0
012201121; 0
201122100; 8
201122101; 7
010002100; 4
001101202; 4
121211200; 8
200201112; 4
121211202; 7
002101122; 0
121100212; 4
101012020; 1
101012022; 1
001122000; 0
021002011; 6
011022210; 0
012211102; 7
102001122; 3
200011000; 3
102001120; 3
200011002; 1
010100022; 6
110112202; 2
022001121; 0
110122210; 2
110122212; 2
100211202; 7
001002120; 0
100211200; 8
002011021; 0
002011020; 0
011120020; 0
002010000; 0
002010001; 0
100121002; 6
211202010; 4
211202011; 4
221001120; 4
210001102; 4
100211022; 6
010122102; 0
100211020; 8
200120110; 8
122101210; 4
122101212; 4
211000122; 4
200101020; 2
211000120; 4
001021012; 0
021212211; 0
101220001; 5
101220000; 1
102201210; 4
102201211; 4
020101120; 4
022101021; 4
220201101; 2
122021112; 3
122021110; 3
120101020; 4
201000010; 6
120101022; 4
201000012; 4
020101122; 0
010221021; 2
020110000; 0
012102211; 4
010200112; 4
020120010; 6
020001102; 3
100100002; 6
202201011; 6
112112200; 8
211120000; 8
112020001; 3
112020000; 6
211121200; 8
101202021; 1
102100201; 4
102100200; 4
221021100; 8
202010112; 1
022011201; 0
210212001; 6
101002201; 1
122211210; 8
210211120; 2
011200210; 0
011200212; 0
001100002; 6
101212200; 1
000110200; 5
021201120; 4
100001221; 1
100001220; 8
020101210; 4
022101121; 0
100210002; 1
120000000; 3
120000001; 4
011210202; 0
211010002; 3
011210200; 0
002121112; 0
012112221; 0
101112022; 6
021101020; 4
101020221; 1
102211102; 1
001211022; 6
202010110; 1
101000221; 1
101000220; 1
011021002; 0
122210100; 8
212102101; 7
210012021; 2
020112001; 0
020112000; 0
011022021; 0
001210002; 0
212011102; 3
112001020; 6
112001022; 6
112210002; 7
112210000; 5
221102110; 4
021020211; 5
110012002; 2
220101201; 2
221122110; 8
020102001; 0
010212100; 0
011200102; 0
002110002; 5
201210001; 6
000012121; 0
012012100; 8
012002101; 0
212001210; 4
212000110; 3
021021102; 0
212000112; 4
221012211; 3
001211020; 0
021120102; 0
202010121; 1
001200010; 4
001200012; 1
212211021; 6
001220101; 5
021021100; 7
011000020; 0
202121100; 1
011000022; 0
021102120; 0
100122021; 1
000102210; 1
212001211; 3
000121122; 0
021100000; 4
020212011; 0
110022210; 2
110022211; 2
101200122; 1
200210121; 2
021100002; 4
010220011; 5
211110220; 8
001012212; 1
101212020; 1
020000211; 0
110220021; 2
102110212; 5
211011022; 6
122201001; 4
101022112; 3
000100021; 4
021220110; 8
112010122; 5
202120110; 8
211012221; 3
021001020; 4
011212020; 0
011212021; 0
210101202; 4
210101200; 4
221100102; 4
221100100; 4
210011020; 3
201020011; 1
211020100; 3
110120020; 2
110120022; 2
211121220; 8
021102010; 6
021102012; 6
002101020; 0
221121010; 8
001122210; 0
122112010; 8
221110201; 5
102002110; 8
110120200; 2
110120202; 2
200021001; 2
202112001; 1
212101102; 4
000201121; 2
000201120; 2
000112021; 0
000112020; 0
021012001; 0
212021110; 8
220121100; 2
220121101; 2
021120201; 5
002000121; 0
022010011; 0
000102021; 0
120100021; 4
220010011; 2
110020122; 2
110020120; 2
101210200; 1
210020010; 2
101210202; 1
200001201; 2
210120211; 2
210000100; 4
210000102; 4
201100201; 5
201100200; 5
212101212; 4
211221000; 8
212101210; 4
220210101; 2
010212001; 0
010212000; 0
120010212; 2
121022011; 3
120010210; 8
201110212; 1
002210110; 0
100021021; 1
100021020; 1
221000112; 4
100020000; 1
100020001; 1
102112210; 8
210100002; 4
210100000; 4
121102200; 4
121102201; 4
201010002; 1
212120010; 5
212120011; 6
010220001; 5
011212200; 0
011212201; 0
110200021; 2
110200020; 2
001001122; 4
201010000; 6
102122001; 6
101112202; 7
220011121; 2
210020121; 2
201102120; 4
220001112; 2
210011200; 3
120121210; 2
210011202; 3
120121212; 2
112200120; 4
112200121; 4
002101210; 4
002211211; 0
220210110; 2
011022102; 0
000022110; 3
121000012; 3
102001201; 4
102001200; 4
000202011; 4
001001020; 8
001001022; 0
012012001; 0
012012000; 7
102200112; 5
212001012; 4
102200110; 8
021021000; 8
021120100; 0
021011212; 3
120011200; 2
201000102; 4
121000120; 4
210121201; 2
121000122; 3
211200112; 4
100012002; 2
100012000; 1
220101210; 2
100011202; 7
000021010; 2
012201112; 4
220101211; 2
101120220; 1
101120221; 1
121100202; 7
101211202; 7
121100200; 7
011210221; 0
010211200; 0
010211202; 7
020201001; 0
201021210; 8
201221110; 8
212010201; 3
002001210; 4
200011012; 1
020001121; 2
110102220; 2
110102221; 2
220110210; 5
010022011; 3
211112202; 7
110122200; 2
110122201; 2
112020120; 3
112020121; 3
020101200; 2
012201201; 0
001202121; 4
000000120; 0
000000121; 4
200100211; 2
200100210; 4
020001120; 4
212100001; 4
100121212; 2
122101200; 4
122101201; 4
201122001; 1
001100122; 0
122021100; 3
122021101; 7
101220012; 1
022010100; 0
101220010; 5
001021000; 8
001021002; 0
020120101; 7
220201110; 2
022001010; 0
201000000; 5
201000001; 1
100000122; 1
100000120; 1
012011200; 0
012011202; 3
112020010; 3
112020012; 3
020120001; 7
100201221; 1
121011022; 6
010200121; 2
010200120; 2
121010002; 6
101200012; 1
202112121; 1
210012102; 2
210012100; 2
211100122; 4
020112120; 0
020112121; 0
120000201; 2
021100200; 5
112100002; 5
000012100; 0
102100212; 1
112002120; 3
112002121; 3
022011210; 0
022011211; 0
101002212; 1
101002210; 1
212121100; 8
012121002; 0
220021110; 8
001020021; 1
101120002; 1
000012001; 0
121100022; 6
020101201; 0
121100020; 4
022102101; 0
021101200; 0
110221122; 2
110221120; 2
100210012; 1
201112201; 1
000101221; 0
011021022; 0
002102010; 8
210012000; 2
200010021; 2
020112010; 2
020112012; 2
020211120; 0
020211121; 0
120000211; 4
120000210; 2
120012112; 2
202100211; 1
201112212; 1
201112210; 1
122100001; 4
122100000; 4
120101220; 4
120101221; 4
201200011; 6
201200010; 6
020010211; 0
102220101; 7
002120100; 0
002110012; 5
122100012; 5
011102220; 0
011102221; 0
001021122; 0
000020101; 7
000121020; 0
101021122; 1
120000100; 2
002201211; 0
212102211; 4
211100220; 8
121002120; 3
121002121; 4
001200000; 0
001200001; 0
021000211; 5
020010201; 0
101000122; 1
001220110; 5
021000210; 0
200102101; 7
211021200; 8
202000110; 1
021001200; 3
002210011; 0
002210010; 0
112100220; 4
112100221; 4
101212012; 1
001012221; 0
021121102; 0
200110000; 5
001022101; 3
021011220; 3
011200000; 0
011200002; 0
102110202; 5
001121200; 8
102110200; 1
011022000; 0
021200211; 0
000110122; 0
110210022; 2
012211200; 0
122201010; 8
122201011; 4
101022100; 3
101022102; 1
122200011; 4
210221100; 8
210221101; 2
022010001; 0
000112210; 1
000201112; 1
210212101; 2
200120211; 2
101121202; 7
012202101; 4
200112112; 2
212121021; 6
000112212; 1
112001220; 3
112001221; 4
001010202; 7
001010200; 0
210122121; 2
000200011; 6
010002010; 4
011021212; 0
121210020; 5
001000210; 0
221121000; 8
001000212; 1
122112000; 6
020001010; 6
102002121; 1
100101202; 4
212110122; 5
210112020; 2
212110120; 5
202112010; 1
202112011; 1
022112121; 0
010120120; 0
212021100; 8
212021101; 7
210201120; 2
210201121; 2
120210120; 2
012021121; 0
112122021; 6
022112001; 0
000102010; 0
002101201; 4
201201102; 4
210021021; 2
020011201; 0
011112220; 8
120002211; 4
210122011; 6
221100001; 4
221100000; 4
211020001; 5
112110202; 5
012101220; 4
221201112; 4
221201110; 4
212101020; 4
212101021; 4
210020001; 2
102112020; 6
200020110; 8
210000112; 4
110210200; 2
121021200; 8
100000200; 1
201100210; 4
010000120; 0
201100212; 4
120201112; 2
021022110; 3
221010012; 3
200021101; 1
200021100; 8
212101200; 4
212101201; 4
001220011; 5
102211020; 8
201110200; 5
000001021; 0
012012120; 8
012100122; 0
021122100; 0
100122001; 6
100122000; 1
221112000; 6
202001112; 1
210100012; 4
200000121; 2
201020110; 8
010100020; 0
100012120; 1
100012122; 2
021211200; 8
122010120; 3
112011202; 7
201000211; 3
102122010; 6
102122011; 6
021102201; 0
202011102; 1
020021100; 7
121001220; 8
010212121; 0
120121200; 2
120121201; 2
212012001; 7
120120001; 6
120120000; 6
102010020; 3
120201021; 2
001002121; 4
201100102; 4
000022101; 3
211210002; 6
112221021; 6
101012220; 1
102001210; 4
102001212; 4
012021000; 6
100101022; 6
012100020; 4
001021120; 1
122001112; 3
022210011; 0
020012011; 0
020012010; 6
112102210; 4
202210101; 7
200010121; 2
000000201; 0
000011022; 3
021021010; 8
102200121; 4
200010120; 2
020121001; 2
100012012; 2
020121000; 0
211200102; 4
211200100; 4
021002010; 6
102102201; 4
002012110; 8
001101220; 8
020201010; 8
201021100; 8
000021001; 2
201221100; 8
012212100; 7
112002021; 3
121211220; 8
002102121; 0
210211122; 2
012220011; 6
102001102; 3
110112220; 8
020110221; 0
011221020; 0
122001021; 4
001002102; 0
202100101; 1
001002100; 4
100211220; 8
110102212; 2
200011021; 1
200011020; 2
201110022; 5
010011202; 7
201110020; 1
010022001; 3
012120120; 0
022001101; 0
022001100; 0
002010021; 0
100121020; 1
012201211; 0
102020011; 6
102020010; 6
110001202; 2
021002211; 0
010000021; 0
201122211; 1
200101002; 4
200101000; 4
000211122; 2
211000102; 4
010010002; 7
101220021; 1
100121200; 1
110000002; 2
100121202; 1
201122011; 6
022010112; 0
022010110; 0
102100000; 1
121000201; 3
121000200; 8
022121112; 0
002100000; 0
002100001; 0
002210211; 0
221110012; 5
221101200; 4
000110212; 0
212102010; 4
002201010; 0
001002211; 3
110000020; 2
012201100; 4
012201102; 0
020010001; 0
012112020; 8
012112021; 0
000101122; 0
110000022; 2
011001202; 0
100100200; 7
100100202; 1
211001020; 8
101002221; 1
020120211; 2
000201001; 2
122021001; 3
220110120; 2
002100012; 0
120000021; 4
201000100; 1
211010202; 7
112002210; 4
211010200; 3
201211012; 6
010221001; 2
100201122; 2
011122102; 0
100201120; 2
020120100; 0
211100002; 4
100211002; 1
210102210; 4
100210200; 1
012001102; 3
101000200; 1
211010022; 6
100121220; 1
211010020; 6
010000201; 0
011021020; 0
212102121; 4
210012001; 7
100121221; 1
122100010; 4
010010200; 7
120220101; 7
010010202; 7
120012100; 2
120012102; 2
211100221; 5
112210020; 8
201200001; 5
020000110; 8
212011122; 3
011022001; 3
212011120; 3
011102212; 0
002110021; 0
002110020; 0
120101212; 4
200012001; 6
000012102; 2
020010100; 0
102220110; 8
000221211; 2
000201211; 0
220100211; 2
000201210; 0
120000112; 3
201000210; 3
001211200; 0
011000002; 0
000100212; 4
010120021; 0
010120020; 0
000200010; 4
021001210; 8
021001212; 0
001220121; 5
112100212; 4
102100002; 5
122210010; 8
212102011; 4
110100202; 2
101022210; 1
002210001; 0
101022211; 3
210200011; 6
002100021; 0
101212000; 1
010220101; 5
101212002; 1
001022112; 0
001022110; 3
011200012; 0
121002201; 4
221122101; 7
220010211; 2
100102221; 1
002002101; 0
000012211; 0
000012210; 0

