210201201; -1
011211202; -1
112121122; 1
211020120; 0
211020121; 0
211110202; -1
002201121; 0
121210012; 0
001102221; 1
112210200; 1
112210201; 1
111021220; 1
222121011; -1
220121121; -1
021100221; 1
000102001; 0
020011210; 0
020011212; 1
012021112; -1
110100022; -1
002101210; -1
012100102; -1
211102210; 0
211102212; 1
212021001; 0
120112012; -1
010000002; 1
010000000; 0
120200211; 1
010102012; -1
120121012; 0
021122112; 1
021122110; 1
112102200; -1
112102201; -1
210010221; 0
202111102; 1
121100220; -1
121100221; -1
201100000; 0
201100002; 1
211210102; 1
111220021; 1
022111012; 1
102020001; 1
221001001; 1
221001000; 1
200101012; -1
000021100; 0
000021102; 0
120021021; -1
010210221; 1
121000212; 0
121000210; 0
022121101; -1
120020211; 0
020110120; 1
100201201; 1
100201200; 1
111221212; 1
011022120; 1
121220110; -1
121220112; 0
001202100; 1
000012021; 1
201211002; 1
000101202; 1
201211000; -1
000101200; -1
021111022; 1
211120122; -1
211120120; -1
102021201; -1
100210212; 1
100210210; 1
011201220; 1
210012010; 1
022112112; -1
120101200; -1
120101202; 1
100120212; 0
222100101; -1
222112101; -1
201000201; 1
212000211; 1
211120200; 0
102100012; -1
200121120; -1
200121121; -1
121002210; 0
121002211; 0
021121122; -1
111002122; 1
002121000; -1
011100202; -1
212121000; -1
212121001; -1
120022101; 1
101010022; -1
001210210; -1
100002010; 0
002001010; -1
101212102; 1
022112100; 1
022112101; -1
101022012; 1
101022010; -1
000100212; 1
200211102; 1
200211100; 0
122010210; 1
122010211; 1
121001022; -1
121001020; -1
210122211; 0
221010001; 1
221010000; 1
021210012; 1
021210010; 0
112021020; 0
112021021; -1
210020110; -1
210020112; -1
120121221; -1
021002101; 1
021002100; 1
010000212; 1
010000210; -1
010101222; -1
010101220; -1
122120101; 1
020011002; 1
201120102; -1
212201110; 1
201120100; -1
212201112; 1
021112002; 1
021112000; 0
020101021; -1
020101020; 1
220011112; -1
122110212; 1
020100211; -1
020100210; 0
122001001; -1
122001000; 1
110001220; -1
110001222; -1
221000011; 1
221000010; 1
012211210; 1
012201012; 1
101020120; -1
012201010; 0
200100000; 0
101020122; 1
012220101; 1
201221010; 1
201221011; 1
100202011; -1
100202010; 1
010022121; 0
220211121; 1
210002001; 1
000010021; 1
000211102; 0
212112121; 0
212112120; 0
201211212; -1
200101201; 1
200101200; 1
010010221; 0
010010220; 0
200200111; 1
200200110; 1
010121202; -1
010121200; -1
010120002; 1
110220112; -1
002002011; 1
112022112; -1
112022110; -1
020102101; 1
020102100; 1
110202021; 1
120012012; 0
120012010; 0
111221002; 1
100102201; 0
100102200; 0
211022121; 0
012120120; 1
012120121; 0
100212112; -1
121002001; -1
010101022; -1
011211222; -1
011211220; -1
211110222; -1
211110220; -1
210012201; 1
001102201; 0
001102200; 0
012001021; 0
012001020; 0
002201101; 0
002201100; 0
021211120; 1
100001020; 0
100001022; 1
220101210; 1
220101211; -1
221200011; 1
020000001; 1
021100201; 0
021100200; 1
220021110; 1
220021111; 1
120001210; 0
110201220; 1
110201221; 1
210112102; -1
001212201; 1
012100120; 0
012100122; 1
202011102; 1
202011100; -1
221011012; 1
000121201; -1
000121200; -1
000011122; 1
010000020; 0
010000021; 0
110020012; -1
120201010; 0
120201012; 0
112122201; -1
112102221; 1
020012001; 1
101200102; 1
122010001; 1
122010000; 1
202111120; 1
210010201; -1
210010200; 1
221100210; 1
221100211; 0
101221012; 0
112002010; -1
112002012; -1
201100021; 0
212100121; 0
202012101; 1
012210010; 1
200111002; 1
010220211; -1
021020101; -1
211122102; -1
000021121; -1
000021120; 0
020210011; 1
020210010; 1
111200122; 1
010210201; -1
012200001; 1
022121121; -1
120120210; 0
120120211; -1
120021001; -1
120021000; 0
101102202; 1
101102200; 0
121020210; 0
121020211; 0
201012201; 0
001001200; -1
001001202; -1
000000012; 0
000000010; 0
100110022; -1
112211212; 1
021112212; 0
021112210; 0
110122012; -1
201211020; 1
201211021; 1
022110210; 1
022110211; -1
020100021; 1
100120120; 1
221101020; 1
221101021; 1
121122211; 0
121122210; 0
010200211; -1
010200210; 1
100001200; 0
100001202; 0
200121100; -1
200121102; -1
210002211; 1
011100220; -1
011100222; -1
120001122; 1
120001120; -1
112101220; -1
021020011; 1
021020010; 1
211122010; -1
211122012; -1
221211012; 1
221211010; -1
200001012; 1
200001010; -1
101212120; 1
211221210; -1
200212110; 1
102211201; 1
010021021; 0
010021020; 1
021200101; 1
021200100; 1
002120110; 1
200211121; 0
002120112; 1
010202211; 1
010020211; -1
010020210; -1
121001002; -1
221010021; 1
112221201; -1
011220112; -1
111212122; 1
210201012; 1
210201010; -1
112021000; -1
112021002; 0
211000210; -1
121120102; 1
102000000; 1
102000001; 1
110021002; 0
001122112; -1
001220011; -1
022100110; -1
022100112; 1
001220010; 0
212110210; 1
010101202; -1
221102121; 1
002010201; 1
020011021; 1
020011020; 1
110001022; -1
122011012; 0
201120120; -1
201120121; -1
021112020; 1
021112021; 1
001211002; -1
020201011; 1
020201010; 1
020101002; 1
020101000; -1
011002210; 1
011002212; 1
212021211; -1
112020201; -1
121010212; 0
021002121; 1
122211012; 0
221001210; 1
122211010; 0
212221111; 1
212221110; 1
010022101; -1
010022100; 0
022121100; 1
221020011; 1
020110122; 1
220211100; 1
220211101; -1
221110120; 1
112002201; 1
221120110; -1
012010210; 1
012210201; 1
002020011; 1
201212010; 1
201212011; -1
001002201; 1
011001022; -1
100010212; 0
212112102; -1
001200211; -1
001200210; 1
000120100; 0
000120102; 1
200101221; 1
021212101; 1
011120122; -1
211212121; 1
121020001; -1
121020000; 0
120020001; 0
010121220; -1
010121221; -1
100201012; 0
020121120; -1
022011112; -1
110202001; -1
110202000; 1
211022100; -1
211022101; -1
210221001; 1
012120100; 0
012120102; 1
121202001; 1
100020112; 0
101222100; -1
012001002; 1
012001000; 0
021211102; 1
220110112; -1
100001002; 0
100002201; 1
011022121; -1
001220211; 1
122102211; 1
110201200; 1
110201202; 1
120221121; -1
002110221; 1
121002021; 1
102221112; 0
102221110; 0
210112122; 1
112201102; 0
202011120; 1
202011121; -1
000121221; 1
210001102; -1
011202021; 1
122000101; 1
122000100; 1
101200120; 1
120002011; 1
120002010; 1
001112020; 0
010020021; 1
012010221; 1
212100100; -1
000200121; 1
212100102; -1
120010102; 1
010012012; 1
100110222; -1
100110220; -1
011002000; 1
011002002; 1
101102220; 1
101102221; 1
001001221; 1
120112210; 0
201110122; 1
212122011; 1
202211112; 1
202211110; -1
020100000; 1
020100001; 0
102120100; 1
011212000; 1
122001210; 1
122001211; -1
222110121; -1
102011122; 0
000100002; 1
000100000; 0
100010002; 0
021001000; 1
100120102; 1
021001002; 1
221101000; 1
221101002; 1
010010212; 1
110022102; 1
110022100; -1
001222110; -1
100022011; -1
100022010; 0
010201012; 0
202110112; -1
210122112; -1
011001220; -1
012010000; 0
012010002; 1
210220011; 1
100102012; -1
101201200; 1
212210121; 0
112101202; -1
111202012; 1
211222011; -1
102012120; 1
102012121; 1
212100001; 0
002221110; 1
002221111; 1
212001120; 0
212001121; 0
212101120; 0
021200121; 1
010120212; -1
010120210; -1
212101122; 1
010021002; 0
010021000; 0
011020210; -1
011020212; 1
121221100; -1
121221102; 0
220010101; -1
220010100; 1
221112211; 0
221112210; 0
120122001; 1
102000021; 1
020122011; 1
001102012; 1
110021020; 0
110021022; 1
001011022; -1
001200021; 1
101122002; 1
200010201; 0
101122000; 1
102000121; 1
102000120; 1
211020210; -1
211020211; -1
021100012; 0
122102001; 1
011122210; 0
011122212; 1
210010012; 1
101221200; 1
101221201; 1
122121100; 1
021011202; 1
021011200; 1
001212012; 1
001212010; 1
002102001; 1
210021201; 1
102122110; 1
010001122; 1
111012220; 1
220000011; 1
002212011; 1
121102012; 0
110000200; 1
110000202; 1
221110102; 1
112012210; 1
202110021; 1
122211102; 0
202101210; 1
202101211; -1
101210221; 1
202021110; 1
202021111; 1
202120101; 1
021000010; 0
000120121; -1
000120120; 1
010210012; 1
102101220; 1
102101221; -1
120021210; 0
000012201; 1
121020021; -1
020021001; 1
210102012; 1
210102010; 0
020121100; -1
020121102; 1
002111200; 1
120110202; 1
120110200; 1
000110200; 0
000110202; 1
020001021; 1
000212112; 1
101020020; 1
000212110; 1
002012101; 1
101222121; -1
012121122; 1
100112202; -1
100112200; -1
211102012; -1
001112202; 0
001112200; 0
100020121; -1
200112021; 0
100020120; 1
120221100; 0
120221101; -1
022012110; 1
022012111; 1
102201121; 0
000220101; 1
120200011; 1
120200010; 1
002110201; 1
002110200; 1
122112211; 1
122112210; 1
100021221; 1
000001012; 0
100221010; 0
100221012; 0
011212221; 1
122000121; 1
021110022; 1
021110020; 1
001221010; 0
001221012; 0
011020000; 0
011020002; 1
010020000; 0
010020001; 0
112201122; 0
112201120; 0
122020101; 1
120010120; 1
120010122; 1
110010022; -1
210022011; 1
001112122; 1
221112021; 1
101211022; -1
100002012; 1
100110202; -1
210001120; 0
210001122; 1
011202000; 1
020002111; 1
020002110; 1
121222110; -1
102201112; 0
220111210; 1
012102210; 1
001202110; -1
010221120; 1
010221121; 0
020101212; 1
020101210; 0
102120121; 1
222110100; -1
110222112; -1
011002021; 0
011002020; 1
000100020; 1
000100021; 0
021001021; 1
021001020; 1
022201101; 1
100010022; 1
100010020; 1
220101201; 1
110022120; 1
110022121; -1
020100102; 1
212111200; 1
012021102; 0
001201000; 0
022211112; 0
022211110; -1
120211012; 0
012000100; 0
012000102; 0
110022021; 1
001012021; 1
001012020; 1
010002012; 1
010002010; -1
202101001; -1
202101000; 1
012010021; 0
012010020; 0
210221211; -1
212210100; 1
212210101; 0
011122122; 1
121202211; 1
220120110; 1
220120111; 1
011122120; 0
012020121; 0
211000221; 1
020010000; 1
020010001; 1
002101102; 1
211110022; -1
102012100; -1
102012102; -1
212001100; 0
212001102; 1
210200011; -1
210200010; 1
100120002; 1
110021220; 1
110021221; -1
001011222; -1
001011220; -1
101201220; 1
101201221; 1
121221120; -1
112212100; -1
112212102; -1
200102121; 0
012001212; 1
201201100; 1
211201102; -1
010222110; -1
211220121; 1
101122020; 1
102000102; 1
102000100; 1
100221201; 1
201101212; -1
002121201; -1
002211102; 0
002211100; 0
202111201; 1
021011220; 1
021011221; 1
010012122; 1
112220112; 0
112220110; -1
100200010; 0
100200012; 1
110221221; 1
112101222; -1
201202101; 1
000001221; 1
111012202; 1
012211200; 1
001120221; 1
202011112; -1
111220000; 1
102102000; 1
022101201; 1
000011212; 1
021202011; 1
222101001; -1
110000221; 1
110000220; 1
211112221; 0
202110001; -1
202110000; 1
112202001; 1
121212000; 1
121212001; 1
100000020; 1
100000021; 0
101021202; 1
101021200; 1
000122121; 1
011221102; -1
102021102; 1
102021100; 0
102101200; -1
102101202; 1
210211012; 1
000021201; 1
120120112; 1
010122001; 0
010122000; 1
000002110; -1
000002112; -1
111022120; 1
120110220; 1
120110221; 1
220111021; 1
020001000; 1
020001001; -1
210110220; 1
210110221; 0
000110221; 1
000110220; 1
101020002; 1
101020000; 0
022110112; -1
202100011; -1
202100010; -1
012122100; 1
012122101; 1
001201122; 1
001201120; 1
102022101; 1
012121102; -1
002012121; 1
201002101; 1
201002100; 1
100112220; 1
100112221; 1
000020001; 0
122111221; 1
221011212; 1
200112001; 0
200112000; 0
012212001; 1
120121002; 1
022101012; 1
212010010; 1
200012101; 1
200012100; 1
220101012; 1
220101010; -1
100021201; -1
100021200; 1
000221121; 1
020010211; -1
020010210; 0
001112220; 0
001112221; 0
002000110; -1
002000112; -1
211012002; 1
211012000; 1
112000012; -1
010021212; -1
121200201; 1
011020021; 1
011020020; 1
120201210; 1
120201211; 1
120212010; 1
221120010; 1
221120011; 1
201012001; 0
201012000; 1
010110202; -1
221112001; 0
020011000; 1
211120210; -1
211120212; -1
000100221; 1
102202110; 1
102202111; 1
210120120; 0
200201121; 1
210120121; 0
201121200; 1
010221100; 0
010221102; 0
112002100; -1
121122012; 1
121122010; 0
010200012; 1
010200010; -1
101212212; 1
110012200; 1
001211022; 1
221001112; -1
021121210; 0
021121212; 0
001211020; 1
111220210; 1
211102122; 1
212111221; 1
111002212; 1
101202210; 1
101202211; -1
211122211; 0
211122210; 0
100001212; 0
012000121; 0
012000120; 0
110022001; -1
110022000; 1
011200221; 1
001012002; 1
001012000; 1
120220011; 1
121212211; 1
121212210; 1
001112212; 0
202101021; 1
101121022; -1
220100001; 1
012020101; 0
012020100; 0
010010122; 0
020010021; 1
200101102; -1
211000201; -1
211000200; -1
002101120; 1
002101122; 1
012221001; 0
211212112; 1
212000121; 0
002101021; -1
002101020; 1
110021200; -1
011222112; -1
110021202; 1
120111202; 1
100220112; 0
001011202; -1
112001122; 0
021120102; 1
021120100; -1
212110012; 1
212010201; 1
101122221; 1
112212121; 1
112212120; 1
212211121; 0
212211120; 0
221002110; 1
122210110; 0
000121021; -1
211201122; 1
211201120; 1
201201120; 1
201201121; 1
200102101; 0
200102100; 0
122011212; 1
122011210; 1
201102010; 0
201102012; 1
102100120; 1
002211120; 0
002211121; 0
220001011; -1
220001010; 1
210112200; 1
210112201; 0
200100001; 0
121021002; 0
121021000; -1
022120110; 1
022120111; 1
121121212; 0
111020212; 1
022111210; 1
102200011; 1
102200010; 1
000001200; 1
000001201; 1
211220100; -1
211220101; -1
210121120; -1
210121122; -1
201022110; 1
201022111; 1
201012112; 1
011202210; 1
011202211; -1
001120201; 0
001120200; 0
001202101; -1
022121010; -1
201212211; -1
112112221; 1
112112220; 1
211120020; 0
211120021; 0
101220112; -1
220201011; 1
100000000; 0
100000002; 1
101021220; 1
101021221; 1
222211011; -1
000122101; 1
000122100; 1
011221122; 1
011221120; 1
011210022; 1
110202201; 1
010122021; 1
011210020; 1
120101002; 1
100100020; -1
100100022; 1
101202001; -1
101202000; 1
111002020; 1
220111000; 1
111022102; 1
001100020; 0
001100022; 1
210110200; 1
210110202; 1
211211022; 1
012102021; 1
211211020; -1
012122121; 1
102021120; 1
102021121; -1
201002121; 1
020211112; 0
200210112; 1
200210110; 1
021121020; -1
221012010; 1
221012011; 0
122111200; 1
210212011; 1
021012201; 1
122201112; 0
122201110; 0
211101022; -1
120211200; 1
120211201; 1
102002001; 1
001201102; 0
001112022; 1
200012121; 1
000221101; 1
000221100; 1
011212002; 1
022102110; 1
022102111; 1
021210210; 0
021210211; -1
021101220; 1
021101221; 1
212200101; 1
210011220; 1
210011221; -1
211012020; 1
211012021; 0
201102201; 0
000112000; 0
000112002; 0
000110022; 1
201020011; 1
201020010; 1
121000102; 1
201012021; 1
212012121; 0
010212021; 1
010110220; -1
010110222; -1
021021112; -1
210100021; 0
210100020; 0
200000110; 1
200000112; 1
100000221; 1
001021201; 1
001021200; 1
000210112; 1
012111220; 1
002121012; -1
002121010; -1
111200212; 1
200201101; 1
200201100; 1
010211220; -1
010211221; -1
121021212; 0
121021210; 0
100200201; 1
112020102; 1
112020100; 0
121121002; -1
211202001; -1
001210212; 1
222011100; -1
022101010; -1
000100200; 0
000100201; 0
102201021; 1
112021212; -1
221021112; -1
221021110; -1
201112120; 1
001210102; 1
112002102; -1
202110210; 1
202110211; -1
101212210; 1
022000011; 1
120012210; 1
120012211; 1
011200201; -1
011200200; 1
020200111; 1
020200110; 1
011012022; 1
111102202; 1
010201212; 1
011012020; 1
010201210; -1
110221102; 0
101020212; 1
101020210; 0
000212211; 1
212212101; 1
200101120; -1
221002111; 1
200101122; 1
122210112; 0
122012010; 1
122012011; 1
000120201; 0
202010112; 1
202010110; -1
212000101; 0
212000100; 1
002101002; 1
002101000; -1
120111220; 1
021120120; -1
112210120; 0
112210122; 0
222121110; -1
101122200; 1
101122201; 0
212211102; 1
212211100; 0
011122012; -1
202112211; 1
000020211; 0
000121002; -1
210122100; 0
000121000; -1
200112211; 0
011001222; -1
000201112; 0
121011220; -1
200112210; 1
010202001; 1
112122000; 1
112122001; -1
210021001; 0
210021000; 0
101210212; 0
210112221; 0
121021020; -1
100021012; 0
121102212; 0
121102210; 0
100122021; 1
010220011; -1
010220010; -1
011212210; 1
212120001; 0
202111021; 1
021002211; 0
201100122; 1
201100120; -1
001202121; 1
121200012; 0
121200010; 0
122120211; -1
021000211; 0
021000210; 0
001101202; -1
000021021; 1
111200020; 1
110112202; -1
022001121; -1
110122210; -1
110122212; 1
011120020; 0
010122102; 1
200120110; -1
122101210; -1
200120112; -1
122101212; 1
120101020; -1
120101022; 1
012011212; 1
112112202; -1
112112200; -1
211120000; -1
211120002; -1
211121200; -1
211121202; -1
221111212; 1
001100002; 0
120101122; 1
100001221; 1
100001220; 1
201000121; 1
201000120; 1
101000221; 1
101000220; 1
011021002; -1
212011102; 1
202001110; -1
202001112; -1
121002000; 1
021121000; -1
021121002; -1
021020211; 1
002110000; 0
002110002; 1
111002002; 1
211021210; -1
211021212; -1
110022210; 1
110022211; -1
001012212; 1
001012210; 0
101212021; 1
211011022; -1
101022112; -1
210221110; -1
210221112; -1
211012221; 0
011212020; 1
011212021; 1
020212110; 1
020212111; 1
021101202; 1
221100102; 1
221100100; -1
112021200; -1
021102010; 0
021102012; 1
221121010; -1
221121012; -1
220010121; 1
200021001; 1
202112001; 0
000112021; 0
000112020; 1
221010121; 1
021210112; 1
210011212; 1
210020011; -1
210020010; -1
010212001; 1
010212000; 1
121022010; 0
121022011; -1
201110212; 1
021022101; 1
100020000; 0
100020001; 0
210100002; 1
210100000; 0
020011122; 1
020011120; 1
210011200; -1
210011202; 1
220210110; 1
220210111; 1
020001201; 1
100011022; -1
210110122; 1
012111202; 1
212012100; 1
212012101; 0
121000122; 1
012201112; 0
122021211; -1
010211200; -1
010211202; 1
201221112; -1
201221110; -1
121121022; -1
112020120; 1
112020121; 0
022010101; -1
022010100; 1
000211221; 1
201112102; 1
111122212; 1
001210120; 1
112002120; 1
112002121; 1
012121002; -1
021101200; 1
110221122; 1
110221120; 0
111102220; 1
020112010; -1
020112012; 0
120012112; -1
111221122; 1
102220101; 1
000020100; 0
000020101; 0
121002120; 1
121002121; -1
221111002; 1
212102001; 1
112100220; -1
112100221; -1
112210102; -1
001022101; -1
001022100; 0
002002111; 1
002002110; 1
021200211; 1
220021011; 1
112001221; -1
210122121; 0
011021212; -1
210112020; 0
210112021; 0
021012012; 1
021012010; 0
212021101; 0
112122021; 1
210021021; 1
120002211; 1
201001122; 1
210000112; -1
120201112; 0
120102021; 1
100122001; 0
100122000; 1
010012210; 1
122010120; 1
122010121; 1
202111000; 1
120020121; -1
021102201; 0
020221101; 1
220112010; 0
220112011; -1
102010021; 1
102010020; 1
201100102; -1
211010122; 1
211210002; 1
211210000; -1
012210112; 1
102001210; -1
102001212; 1
012012010; 1
200021211; 1
202210101; 1
020121001; -1
100012012; -1
102102201; 1
001101220; -1
001101222; -1
000021000; 0
000021001; 0
111200002; 1
110112222; -1
110112220; -1
020110221; 1
110102212; -1
201110022; 1
200221110; 1
200221111; 1
022001101; -1
022001100; 1
000000112; -1
201122010; 0
201122011; 0
001021012; -1
221101200; 1
221101201; 1
202100211; -1
211121221; 1
211121220; 1
111201202; 1
122021001; -1
201000102; 1
201000100; 1
211010202; 1
211010200; -1
211100002; -1
101000202; 1
101000200; 1
011021020; 1
011021022; 1
122100010; 1
122100012; 1
200110000; 0
200110002; 1
011102212; 1
002110021; 1
002110020; 1
222011211; -1
120000112; 0
111122002; 1
221110012; 1
101212000; 1
101212002; 1
011200012; 1
012120210; -1
211012200; 1
211012201; -1
200212011; 1
102211120; 0
102211122; 0
210101220; 1
210101221; 1
221100120; 1
221100121; -1
012202110; 1
012202111; 1
002120011; -1
002120010; 1
112021221; -1
020112201; 1
112201210; -1
112201212; 1
001000200; 1
001000201; 1
100100002; -1
221010100; 1
210201112; -1
012101212; -1
112221121; 0
112221120; 0
000010210; 0
000010212; 1
120210112; 0
211020010; -1
211020012; -1
200010000; 0
200010001; 0
021020121; -1
122000211; 1
221201100; 1
221201101; 1
110121220; -1
110121222; -1
022100011; -1
022100010; 1
100020021; 0
210012112; 1
220121010; -1
220121011; -1
121101202; -1
101202021; 1
002010121; 0
002010120; 1
020011102; 1
202201101; 1
101212020; 1
212120211; -1
200001120; 1
101012212; 0
122001102; 1
122001100; 1
021002001; 1
001002112; -1
022010121; 1
102001000; 0
122002101; 1
102001002; 1
002020111; 1
002020110; 1
012012201; 1
201212110; 1
000211201; -1
000211200; 0
110000122; 1
100100212; -1
212100120; 0
201100020; 1
211000000; -1
211000002; 1
122001010; 1
000120021; 0
121020120; -1
211112002; 1
020120110; 1
020120112; 1
211100212; -1
112121020; -1
112121022; 1
011022010; -1
011022012; 1
120220110; 1
120220111; 1
121221211; 1
121221210; 1
000012112; -1
201011212; -1
222010101; -1
221111020; 1
112100200; -1
112100202; -1
002201001; 0
110012122; -1
101020221; 1
001022121; -1
011000122; 1
100002121; 1
100002120; 1
021201012; 0
020000101; 1
012021210; -1
112001200; -1
112001202; -1
121201012; 0
110201122; 0
011121022; -1
121002100; 1
121002102; 1
112201020; 0
112201021; 0
212021121; 0
001000012; 0
012002121; 1
211002112; -1
021122211; 0
120102001; 1
120102000; 1
122010100; 1
221210011; -1
122010102; 1
102011202; 1
102011200; 1
210112000; 0
210112002; 1
001101022; -1
211210020; 1
211210021; -1
020110102; 1
001120000; 0
001120002; 1
011002122; 1
011002120; 1
120021102; 1
120202111; 1
120021100; -1
020110201; 1
020110200; 1
000022011; 1
201110002; 1
022210101; 1
020012101; 1
020012100; 1
210100212; 1
210100210; -1
102010002; 0
102010000; 0
212122111; 1
212122110; 1
222001101; -1
220011021; 1
220102011; 1
100120221; -1
100010122; 1
021001122; 1
021001120; -1
111201220; 1
001222011; -1
020020111; 1
020020110; 1
211010220; -1
211010221; -1
010002211; -1
010002210; 1
211100020; -1
211100022; -1
010102021; 0
010102020; 1
200110021; 0
200110020; 1
200121201; 1
101120122; 1
012010122; 0
012010120; 0
120001221; 1
201011020; 1
111122020; 1
201200112; 1
201200110; 1
211222110; -1
102212100; 1
102212101; 1
102211102; 0
021200001; 1
110220021; 1
020102211; 0
001000221; 1
002210112; 1
002210110; 1
112222101; -1
112221102; 0
112221100; 0
001112002; 0
202010211; 1
101100022; -1
121120002; 1
121120000; -1
200010021; 1
002201211; -1
212102211; 1
121210102; 1
000102112; -1
012021000; 0
200010121; 0
200010120; 1
002010102; 0
002010100; 0
121101222; -1
121101220; -1
112200010; -1
112200012; 1
112010122; -1
101221120; -1
101221122; 1
000201211; -1
000201210; 1
020101102; 1
120002110; 1
012100012; -1
122001120; 1
122001121; -1
221011120; 1
200112112; -1
102000211; -1
102000210; 1
110121202; -1
220000111; 1
220000110; 1
021122001; 0
120121102; 1
210101202; 1
100122210; 0
100122211; -1
210101200; -1
012110212; 1
011122000; 0
022111102; 1
011122002; 1
102001021; -1
102001020; 1
010122201; 0
102020112; 1
202021011; 1
211000021; 0
211000020; 0
000120000; 0
000120001; 0
121020100; -1
121020102; 1
122112012; -1
122110012; -1
012000211; -1
210102112; -1
122112010; -1
211112022; 1
112120200; -1
211112020; 0
112121002; -1
110202102; 1
121220001; 1
121202100; 1
000212010; 1
100211122; 0
212112000; 1
212112001; 0
012001102; 0
211201212; -1
222112011; -1
021211002; 1
021211000; 1
112022211; -1
022012011; 1
021012000; 1
201010012; 1
212001210; 1
110220102; 1
211122121; 0
211122120; 0
112000210; -1
112000212; 1
012002100; 1
021110202; 1
021110200; 0
100002102; 1
100002100; 1
020000121; 1
100221112; 0
001020010; 0
001020012; 0
022112010; -1
022112011; -1
001221112; -1
011020122; 1
011020120; 0
102011220; 1
102011221; 1
200211012; 1
112201000; 0
112201002; 0
112200201; 1
212100201; 1
101002020; 1
110020122; 1
210202110; 1
210202111; 1
011220021; 1
010220110; -1
110020120; 1
010220112; -1
021221100; 1
021221101; 1
011221210; -1
011221212; 1
121120212; 0
121120210; 0
001120021; -1
001120020; 0
120021120; -1
122101012; 1
020012121; 1
210120210; -1
210120211; -1
122120010; 1
122120011; -1
001100200; 0
001100202; 0
210001200; -1
220011001; -1
220011000; 1
020201121; 1
012022110; 1
012022111; 1
011002102; 1
000211012; 0
100120201; -1
100120200; 0
100202101; -1
100202100; 1
200100112; -1
010022211; -1
021010021; 1
021010020; 1
110221200; 1
110221201; -1
112120012; -1
012000021; 0
010102002; 1
010102000; 0
100212100; 1
200012211; 1
121002010; 0
210002110; 1
012010102; -1
202101120; 1
202101121; -1
220120011; 1
212112211; 1
200002101; 1
000100120; 1
121012200; 1
121012201; 1
220012110; 1
220012111; 1
112022001; -1
110220001; -1
110220000; 1
010202110; -1
111212020; 1
010202112; 1
002201110; 0
002201112; 0
101202112; -1
210020211; -1
121221000; 1
121221001; 1
120001201; 1
120001200; 1
201011002; 1
201010201; -1
201010200; 0
110210122; 0
100020201; 1
221012101; 1
100212001; 1
100212000; 1
121022211; 0
121120020; -1
120122101; 1
121210120; 1
220110021; 1
211201020; 1
211201021; 1
010222011; -1
210000211; -1
210000210; 1
202102110; 1
202102111; 1
221200101; 1
200010102; 1
200010100; 0
012021021; 0
122102101; 1
121201200; 1
121201201; 1
010212201; 1
020101120; -1
101221102; 0
020101122; 1
122121001; -1
202011010; -1
202011012; 1
221011102; 1
102001200; 1
201120021; 1
100221021; 1
010001221; 1
010001220; 1
200122110; 1
200122111; 1
121112122; 1
120102210; 0
120102211; 0
101200012; 0
100000201; 1
102211200; 1
200212111; 1
200211201; -1
210120001; 0
210120000; 0
102010212; 1
102010210; 1
112202121; 1
000200010; 1
111020122; 1
121112020; 1
121112022; 1
001110022; -1
022111120; 1
102121212; -1
011221020; 1
011221021; 1
020210101; 1
020210100; 1
200211120; 1
102101122; 1
011120002; -1
010122120; 1
010122121; 0
020110012; 0
002111212; 1
112120221; -1
202000101; 1
110202120; 1
110202121; -1
121000120; -1
110122102; 1
211211122; 1
121202121; 1
012102120; 1
012102121; 0
212112021; 0
001200112; -1
011201221; 1
002012001; 1
110002210; 1
110002212; 1
012001120; 0
012001122; 1
021211020; 1
021211021; 1
100001122; 1
122012110; -1
122200101; 1
020121201; 1
122012112; -1
121012012; 0
012212121; 1
200121012; -1
200121010; -1
102221211; -1
212010112; 1
220101112; -1
221211100; 1
021110220; 1
021110221; 1
211122100; -1
211200010; -1
211200012; 1
201021102; -1
111202120; 1
102011022; 1
200001100; 0
102011020; 1
200001102; 1
002001121; -1
002001120; 1
102110122; 1
001202211; -1
100222110; -1
000200100; 1
012211221; 1
011020102; -1
000200101; 1
202000011; 1
100012212; 1
100012210; 1
022121001; -1
110122201; -1
221120112; -1
201012121; 1
120210012; 0
011220001; -1
011220000; 1
100210002; 1
120210010; 0
122221101; 1
011202102; 1
011202100; -1
101210122; 1
201110020; 1
112110022; -1
012200121; 0
001100221; 1
001100220; 1
101200201; 1
101200200; 1
221020101; 1
200020101; 1
202211211; -1
020201101; 1
020201100; 1
221000121; 1
122211100; 0
122100210; 1
122100211; -1
100202121; 1
212010121; 0
212002110; 1
212002111; 1
121102120; 1
012000000; 0
012000001; 0
021010002; 1
021010000; 1
220211010; -1
220211011; -1
221110212; 1
221110210; 0
202101100; -1
202101102; 1
120100210; 0
120100212; 0
021000121; -1
021000120; 1
011120212; -1
201001210; -1
201001212; -1
120020112; 1
120020110; 1
122110200; 1
122110201; 1
111212002; 1
010021120; 0
010021122; 1
211212010; 1
101001022; -1
000010012; 0
121220211; 1
100220011; -1
100220010; 0
211022010; -1
211022011; -1
012120012; -1
012120010; -1
112010212; 1
201010221; 1
112212000; 1
112212001; 1
110002000; -1
110002002; 1
101222010; -1
211201000; -1
211201002; -1
201121201; 1
110012202; 1
220110001; -1
220110000; 1
201102112; -1
102221001; 0
012110220; 1
012110221; 1
022120011; 1
211200201; -1
201120001; 0
201120000; 0
000001120; 0
000001122; 1
112211002; 0
102102100; 1
210001012; -1
001020201; 1
002112010; -1
002112012; -1
120112200; 1
120112201; 1
120002101; 1
120002100; 1
222101100; -1
011012202; 1
011012200; 1
122121021; -1
202110102; 1
202110100; -1
112202100; -1
112202101; -1
210120021; 0
121112002; 0
101000122; 1
110212012; 1
212100012; 1
212100010; -1
222211110; -1
121011222; -1
011221000; 1
011221002; 1
010001202; -1
010001200; -1
020210121; 1
011022210; 1
011022211; -1
200111212; 1
010122100; 0
011120022; 1
000201012; 0
011210122; 1
202012111; 1
101202120; 1
101202121; -1
012211102; 0
012102100; -1
012102102; -1
110122120; 1
200110221; 1
220011210; 1
220011211; -1
011201200; -1
011201202; 1
202211001; -1
020100112; -1
102120010; -1
102120012; 1
210220101; 1
012121000; -1
201002001; 1
200210011; -1
200210010; 1
100120012; 0
100022101; -1
100022100; 1
210212110; 1
210200121; 1
010121122; -1
012212100; 1
012212101; 1
120211120; 1
120211122; 1
010112220; 0
010112221; 0
010102212; 1
010102210; 0
020021121; -1
200012001; 1
201210201; -1
120001012; 0
022102011; 1
221001211; 1
112010022; -1
112010020; -1
201112012; 1
221211121; 1
011112022; -1
120100000; 1
200001121; 0
120100002; 1
102011002; 0
120200100; 1
111202102; 1
211002102; 1
201001000; 1
201001002; 1
211002100; -1
120010021; 1
120010020; 1
000112122; 1
000112120; 1
110220210; 1
110220211; -1
002210211; 1
201220101; 1
201012100; 1
020122101; 1
011202120; 1
011202121; -1
121211020; 1
121211022; 1
002021121; 0
221102010; 1
221102011; 0
002121112; -1
000210010; 1
000210012; 1
012200101; 0
012200100; 1
211001212; -1
010221201; 1
110211022; -1
110222211; -1
210210112; 1
002102110; -1
002102112; -1
100200121; -1
100200120; 1
110020221; 1
211202121; 1
101002021; 1
212011210; 1
122211121; 1
122211120; 1
210001201; -1
022101112; -1
002112201; 1
002212101; 1
000102000; 0
022211211; 1
101200221; 1
121102102; 1
000100122; 1
022000111; 1
022000110; 1
001012102; 1
102020211; -1
110221020; 1
110221021; 0
012020001; 0
102120201; -1
101001222; -1
101001220; -1
221002011; 1
021000102; 1
021000100; 0
022021110; 1
022021111; 1
012221100; 0
012221101; 0
020021110; 0
020021112; 0
201121002; -1
202010011; -1
202010010; 1
020121012; 0
020121010; -1
212020110; 1
212020111; 1
111021022; 1
022110021; 1
011202001; -1
101122120; 1
110002021; 1
110002020; 1
200102001; 0
110012220; 1
110012221; 1
102210210; 1
102210211; 1
000201010; 0
012100212; 1
012100210; -1
211102102; -1
120221010; 1
120221011; 1
210021120; 0
210021121; 0
120200101; 1
001121212; -1
220102101; 1
011102122; 1
000220011; 1
112220211; -1
210210201; -1
120002121; 1
000001102; 0
002200101; 1
212201010; 1
212201011; -1
011012221; 0
112211022; 0
112211020; 0
001202001; 1
002121102; 1
010100212; -1
222101121; -1
101022201; 1
002011210; 1
002011212; 1
011012220; 1
121200112; 0
212112100; -1
202121001; -1
010020112; -1
012110200; 1
012110202; 1
021212001; 1
201111220; 1
102201001; 0
102201000; 0
022121211; -1
121011202; -1
000122001; 1
210022101; 1
011220210; 1
011220211; -1
022010211; 1
102102121; 1
110222001; -1
200120011; 0
200120010; 0
221121001; 1
202110120; 1
202110121; -1
120212100; 1
120212101; 1
111022000; 1
200110201; 0
200110200; 1
222110010; -1
000020121; 0
202001011; -1
202001010; -1
212011020; 1
212011021; 0
002110122; 1
100022121; 1
101202100; -1
101202102; 1
001002001; 0
022201110; 1
210200100; 1
120211102; 0
021010212; 0
021010210; 0
010112200; 0
010112202; 1
000202101; 1
010002102; 1
212021100; 0
001201201; 1
001201200; 1
122002011; 1
012121020; 0
012121021; -1
000221001; 1
112010002; -1
212210011; 1
020212011; 1
021101122; -1
020010112; -1
012020211; -1
021102112; 1
120100021; -1
120100020; 1
102012012; -1
102012010; -1
120011202; 1
201001021; 1
201001020; 1
120010002; 1
120010000; 1
220010001; 1
220110210; 1
220110211; -1
000112102; -1
111212212; 1
110200210; 1
110200212; 1
220001121; 1
110210202; 1
110210200; 1
112011202; -1
121022110; -1
121022112; 1
111221020; 1
221201112; 1
201201010; -1
201201012; -1
210011122; 1
121210200; 1
121210201; 1
201120210; 0
201120211; 0
201021001; 1
201021000; 1
102210001; 1
102210000; 1
021201102; 1
002021101; 0
002021100; 0
211002010; -1
211002012; 1
002211010; 0
002211012; 1
200201001; 1
112220001; -1
210001212; 1
010211122; 0
020111221; 1
100200102; 1
100200100; 0
211202100; 1
211202101; -1
121211002; 0
110020201; -1
110020200; 1
101002002; 1
101002000; 1
101120212; 0
210001221; 1
201110202; 1
010100002; -1
021202101; 1
002011000; 0
002011002; 1
010010020; 0
010010022; 0
112212211; 1
100102002; 1
001012120; 1
111120202; 1
121212112; 1
110212200; 1
110212201; 1
110221000; 0
110221002; 1
000122211; 0
102021010; -1
102021012; 0
101001202; -1
020112112; -1
210211102; 1
012221121; 0
000002001; 1
011211022; -1
221111122; 1
011222211; -1
111022210; 1
112001002; -1
001122012; 1
110012022; 1
110012020; 1
020001112; -1
201210121; 1
022110001; -1
022110000; 1
101122102; 1
201210012; 1
201210010; -1
212211000; 1
212211001; -1
020211021; 1
000121102; -1
120022011; 1
012211122; 0
012211120; 0
002001201; 1
002112021; 1
202011210; 1
202011211; -1
021012112; 1
210021100; -1
210021102; -1
210000012; 1
210000010; -1
120200121; 1
121001212; 0
110120220; 1
110120221; -1
002221101; 1
101201122; 1
212120100; 0
212120101; 0
122121201; -1
212101012; -1
220112112; 1
220112110; -1
002000001; 1
201100221; 1
000200211; -1
200011210; -1
200011212; 1
102211012; 0
102121012; -1
110200000; 1
110200002; 1
211002201; 0
002211201; 1
112200100; -1
221010210; 0
221010211; -1
112221010; -1
112221012; 0
221112112; 1
200221011; 1
201122112; -1
201122110; -1
022011010; -1
022011012; 1
002122110; 1
002122111; 1
101220210; 1
002010010; 0
002010012; 1
000210201; 1
210210010; 1
111022021; 1
001211212; -1
200201211; -1
122021121; -1
010221012; 0
010221010; -1
021011122; 1
010200100; 0
010200102; 1
212011000; 1
212011002; 1
122100112; 1
200110122; 1
200110120; 1
002110102; -1
101120022; 1
101120020; -1
001002021; 1
120000012; 0
012121221; -1
111122122; 1
010002121; 0
010002120; 1
020102011; 0
020102010; 1
220100110; -1
220100112; -1
002110120; 1
012202011; 1
210112120; 0
120011220; 1
122201211; 1
102111022; 1
022211001; 1
111202201; 1
102122211; -1
001002000; 1
011222001; -1
001122201; 0
021120010; 0
021120012; 0
120110122; 1
110210220; 1
110210221; 1
010212102; 1
220001101; -1
220001100; 1
201010102; 1
212110102; -1
220121110; -1
220121112; -1
112011222; -1
112011220; -1
212000011; 1
020011221; 1
210200101; 1
100112122; 1
202112100; -1
202112101; -1
211220010; -1
211220011; -1
210121212; -1
210121210; -1
021201120; 1
021201121; 1
212101221; 1
002100201; 1
020111200; 1
102200101; 1
102200100; 1
012002011; 1
012002010; 1
010002100; 0
022010001; 1
121100212; 0
102001122; 1
200011000; 0
102001120; 0
200011002; 1
010100022; 1
010100020; 0
002011021; 1
002011020; 1
010011202; -1
010010002; 0
100211022; 0
100211020; 0
111120220; 1
200101021; 1
200101020; 1
211000120; 0
021212211; 1
101220001; -1
101220000; 1
102201210; 1
102201211; -1
220201101; 1
020120011; 0
020120010; 1
211112122; 1
022011201; 1
210211122; 1
011022112; -1
000012010; 1
000012012; 1
011210202; 1
011210200; -1
212102100; 0
212102101; 0
210012021; 0
112001020; -1
112001022; 0
112210002; 1
112210000; 1
221102110; 1
110012002; -1
001022001; 0
012002101; 1
001201012; -1
000102201; 0
212211021; 0
001220101; -1
001220100; 0
202121100; -1
202121101; -1
000121120; -1
020211001; 1
020211000; 1
101200122; 1
021100002; 1
122201001; 1
221121120; -1
021220110; 1
021220111; 1
100100200; -1
102002112; -1
102002110; -1
110120200; -1
110120202; 1
122122111; 1
100122100; 1
021120201; 1
212120121; 0
221210110; 1
200001201; 1
201100201; 0
201100200; 1
211221000; 1
211221001; 1
120010212; 0
120010210; 0
201020101; 1
201020100; 1
110200021; 1
110200020; 1
102122001; 1
220011121; -1
210020121; 0
001120122; 1
120121210; -1
001120120; -1
120121212; 0
120202011; 1
112200121; 0
000022111; 1
000022110; 1
121000012; 0
001001020; -1
001001022; -1
022001001; -1
212001012; 1
021021001; 1
021021000; 1
021011212; 0
212001010; -1
200000001; 1
121211212; 0
020201001; 1
201021210; 1
201021211; 1
012122001; 1
100100122; 1
010022011; -1
200111020; 1
202112121; 0
001100122; 1
122021100; 1
122021101; -1
002100012; -1
002100010; -1
100201120; 0
201000000; 1
201000001; 1
112020010; -1
112020012; -1
010200121; 0
010200120; 1
121010002; 0
102100210; -1
102100212; -1
101002212; 1
200110102; 1
101120002; 1
121100022; 1
121100020; -1
222011010; -1
012121200; -1
100210012; 0
212121201; -1
210102201; 0
201112212; 1
201112210; 0
001210012; 1
201200011; -1
201200010; 1
101021122; -1
120012102; 1
001200000; 1
001200001; 1
002210011; 1
002210010; 1
212011122; 1
102110202; 1
102110200; 1
002111122; 1
110210022; 1
110210020; 1
122200011; 1
121210020; 1
121210021; 1
112210210; 1
201010120; 1
212110122; 1
212110120; 0
012021120; 0
012021121; 0
000102012; 1
000102010; 0
020011201; 1
020011200; 1
210122010; 0
210122011; 0
112110202; -1
021201100; 1
212101200; 1
212101201; -1
102112200; 1
102112201; 1
221000211; 1
010000012; -1
010212120; 1
010212121; 1
001001220; 1
120201021; 1
121122100; 1
021122121; -1
120121020; -1
112102210; -1
112102212; -1
102200121; 1
211200102; 1
211200100; -1
112002021; 1
102001102; 0
002000211; 1
111020020; 1
022111021; 1
012210021; 1
200011021; 1
200011020; 1
010011220; -1
012201211; -1
010011222; -1
102020010; 1
200100201; 1
200101002; 1
200101000; -1
211000102; -1
101220021; 1
100121200; -1
100121202; -1
121000201; 1
022121110; -1
022121112; 1
222101211; -1
212102010; 1
212102011; 1
111210022; 1
111221200; 1
011210220; 1
011210221; -1
201211012; -1
100211002; 0
100210201; 1
120000201; 1
212102121; 0
210012001; 0
210012000; 1
112210020; 1
112210021; 1
222112110; -1
201000211; -1
201000210; 0
202121121; 0
021001210; 0
021001212; 0
001220121; 1
102100000; 1
102100002; 1
110100202; -1
121002201; 1
221122101; 1
212121012; -1
212121010; -1
001010212; 0
001210201; -1
001210200; 1
002001021; 1
220102110; 1
100122121; 1
220102111; 1
101022001; -1
101022000; 1
120102100; 1
022112110; -1
002120121; 1
200211112; 1
202121011; -1
221100010; 1
221100012; 1
221121102; -1
221121100; -1
122112100; 1
210202011; 1
200021110; -1
200021112; -1
102121020; 1
021210001; 1
021210000; 1
022201011; 1
201020121; 1
001120102; -1
210020101; 0
210020100; 0
212012011; 1
120120010; 0
120120012; 1
010000221; 1
022100121; 1
020211210; 0
020211211; -1
001001002; -1
000000210; 0
000000211; -1
102010102; -1
122120110; 1
021112012; 0
202100110; -1
202100112; -1
011002221; 1
012022011; 1
012201001; -1
012201000; 0
100010221; 1
100010220; 1
200100012; 1
200100010; -1
201000021; 1
112012120; -1
112012122; -1
121010020; 1
121010022; 1
102110002; -1
020020011; 1
121100002; 0
210002011; 1
210002010; 1
020021010; 1
221211210; -1
101010202; -1
210102001; 0
220012011; 1
010121212; -1
010202011; -1
010202010; 1
112022121; 1
120012001; 1
120012000; 1
102110220; 1
102110221; 1
002101212; 1
120210210; 1
120210211; 1
100212120; 1
100212121; 1
012221211; -1
121210000; 1
121210002; 1
201201210; -1
020001211; -1
020001210; 0
202102011; 1
012021100; 0
222100110; -1
220021101; 1
112110222; -1
121201122; 1
210210021; 0
210201210; -1
110210002; 1
110211202; -1
211102200; 0
012211201; -1
200120001; 0
212021010; -1
212021011; -1
011100022; -1
120112002; 1
120112000; 1
110020000; 0
110020002; 1
001010002; 0
100101220; -1
100101222; -1
021122100; 1
021122101; -1
120121000; -1
120201001; 1
120201000; 1
200122011; 1
112122210; -1
211200120; 1
211200121; 1
221100201; 1
112002001; -1
112002000; -1
200000211; -1
201100012; -1
000200110; 1
111020002; 1
000200112; 1
022111000; 1
012210001; 1
012210000; 1
121202010; 1
121202011; -1
221001010; 1
221001012; 1
101201202; 1
012200011; 1
012200010; 1
000021112; -1
120001102; 0
120120201; -1
201220011; 1
121020201; 1
101102212; 0
121000221; 1
000100102; 1
100201210; 1
100201212; 1
000000001; 0
000000000; 0
021021210; 1
021021211; 1
121220100; -1
121220101; -1
102201012; 0
110122020; 1
110122021; 1
200210211; -1
000110020; 1
021112221; 1
022110201; 1
012122211; -1
000101212; -1
102021210; -1
212211201; -1
201111202; 1
211001122; -1
010201021; 0
010201020; 1
110201002; 0
010121022; -1
010121020; -1
110100220; -1
110100222; -1
102100021; 1
102100020; 1
002021010; 0
120022110; 1
120022111; 1
001210221; 1
200001021; 1
100002000; 1
100002001; 0
002001000; 0
002001001; -1
121112212; 0
101022021; 1
120102121; 1
102211212; 1
200212101; 1
102211210; 1
011000200; -1
011000202; 1
202012011; 1
011020221; 1
002120101; 1
002120100; 1
202000111; 1
202000110; 1
122112121; 1
221010012; 1
221010010; 0
021210021; 1
210201001; -1
210201000; 1
112221210; -1
120210001; 1
120210000; 1
112021012; -1
102000010; 0
102000012; 0
112110220; -1
221201010; 1
221201011; 1
010000200; 1
010000201; 0
021002112; 1
021002110; 1
001121122; -1
211102020; 0
022100101; -1
022100100; 1
012211021; 0
102010120; 1
102010122; 1
020011012; 0
002010211; 1
002010210; 1
212201100; 1
212201101; 0
220011102; 1
220011100; -1
021020100; 0
201101002; -1
122001012; 1
020100201; 1
121010220; 1
121010221; 1
011002201; 0
011002200; 1
221000001; 1
012201021; 0
100202001; 1
100022211; -1
012220110; 1
012220111; 1
212111020; 1
212002011; 1
010102102; -1
220211112; 1
220211110; -1
102221100; 0
012010201; 1
012010200; 1
100010202; 0
100010200; 0
201212001; 1
201211200; -1
000101002; -1
101010220; -1
101010222; -1
200101212; 1
112202211; 1
200101210; -1
021212110; 1
200200101; 1
102110022; 1
122110120; 1
102110020; 1
100201000; 0
100201002; 0
120020011; 0
120020010; 1
112022100; 1
112022101; -1
110220100; -1
010120012; -1
020102110; 1
020102112; 1
210211200; -1
012120112; -1
100102210; -1
100102212; 0
211022112; -1
211022110; -1
100020102; 1
100020100; 0
121002012; 1
100212102; 1
001000122; 1
101222112; -1
110002122; 1
110002120; 1
210012211; 1
001102210; 0
001102212; 1
020000010; 0
020000011; 0
021100210; 0
021100212; 0
100002211; -1
100002210; 1
000000100; 0
121201102; 0
212000001; 1
110201212; 1
210210001; -1
210210000; 1
011010022; -1
102221121; 0
110211222; -1
110211220; -1
001000102; 1
211102221; 0
221011002; 1
221011000; 1
000121212; -1
000121210; -1
120112020; 1
120112021; 1
110020021; 0
110020020; 1
001010022; 1
012002211; 1
001010020; 1
112211122; 0
001020121; -1
001020120; 0
120112120; 1
210010210; 1
210101122; -1
122010012; 0
122010010; 0
001212210; 1
001212211; -1
101221002; 1
101221000; 1
212100112; -1
000111202; 1
001122010; 0
202012110; 1
010012000; 1
010012002; 1
120021010; 0
120021012; 0
010210210; 1
201012210; 1
201012211; -1
011210002; 1
001001212; -1
210120100; -1
011200122; 1
210120102; -1
000000021; 1
121220121; -1
110122000; 1
000110002; 0
110122002; 1
021112200; 0
021112201; 0
011201122; 1
211211220; -1
102120112; 1
122001201; 1
202211121; 0
020210001; 1
020100012; 0
020100010; 0
000100012; -1
020211201; 1
221101012; -1
010112002; -1
221102100; 1
001222101; -1
110022112; -1
221102101; 1
121122201; 0
010200201; 1
211101220; -1
211101222; -1
110201020; 0
110201022; 1
010201002; 0
010121002; -1
010201000; 0
100102000; 0
101201212; 0
221211000; 1
221211001; 1
021020001; 1
211122000; 0
211122001; 0
120100120; 1
200001000; 1
200001001; -1
100002021; 1
210111022; 1
102212010; 1
102212011; 1
201001120; 1
010120201; -1
010120200; 0
021200112; 1
021200110; 1
011020201; 1
011020200; 1
011000221; 1
011000220; 1
010020201; 1
112222011; -1
210201021; 1
011220102; 1
011220100; -1
001102000; 0
001102002; 1
001122102; 1
001122100; 0
212110200; 1
212110201; 1
221102112; 1
101122012; 1
211020201; 1
021100000; 0
200010211; -1
200010210; 1
122011002; 1
122011000; 1
212201121; 0
210010000; 0
210010002; 1
220011120; 1
101221212; 1
020101012; 0
101221210; 1
201101020; 1
201101022; 1
211102120; 0
001212001; 1
001212000; 1
121010200; 0
121010202; 0
112020210; -1
002102011; 1
002102010; 1
122211000; 1
122211001; 1
212221101; 1
010022110; -1
010022112; -1
212111002; 1
010102120; 0
010102122; 1
112002210; 1
112002211; -1
202101201; 1
111210220; 1
012210211; 1
012112122; -1
012112120; -1
110010222; -1
110010220; -1
202021101; 1
000101022; 1
000101020; -1
000120112; -1
010210000; 1
010210002; 1
120021201; 1
022021011; 1
121020012; 0
121020010; 0
020021011; 1
122110102; 1
021010102; 1
210102000; 0
100201021; 1
100201020; 1
102101002; 1
212020011; 1
020121112; -1
110202010; -1
210211221; -1
110202012; 1
120111022; 1
022011102; 1
022011100; -1
120110212; 0
102102021; 1
210221010; -1
210221011; -1
001200201; 1
021111202; 1
000212101; 1
000212100; 1
110002102; -1
012001012; -1
100112212; -1
220110102; 1
220110100; -1
011010222; -1
011010220; -1
110220120; 1
110220121; -1
102111202; 1
100221001; 0
100221000; 1
012211020; 0
211102021; 0
120221112; 0
120221110; 0
022012101; 1
212010021; 0
102221101; 0
000220111; 1
000220110; 1
221011020; 1
221011021; 1
001000120; 0
101201022; 1
101201020; 1
121110220; -1
121110222; -1
122000112; 1
001020102; 1
122000110; 1
001020100; 0
120112102; 1
120002001; 1
001221001; 1
001221000; 1
012110122; -1
101221020; 1
101221021; 1
010020012; -1
010020010; -1
000111220; 1
010012021; 0
010012020; 1
021221010; 1
021221011; 1
211002120; 1
211002121; 0
122101102; 1
011002012; 1
110222121; -1
211202211; -1
201200100; 1
211211202; -1
012102201; 1
020101201; 1
020101200; 1
021011022; 1
021011020; 1
202211100; 0
202211101; -1
020201211; 1
222110112; -1
021001012; 0
210121221; 1
010112020; -1
100022001; 0
010112022; -1
022211121; 1
211101202; -1
112120102; 1
010112122; -1
010002021; 1
012010012; 1
212210110; 1
100102021; 1
100102020; 1
220120101; 1
211122021; 0
021201010; 0
120100102; 1
020010010; 0
020010012; 0
020000100; 1
111202000; 1
212001112; -1
201001102; -1
200002011; 1
201102021; 0
021200010; 1
010021012; -1
010120221; 1
120110022; 1
120110020; 1
010210200; 1
011220120; 1
011220121; -1
111000022; 1
221112201; 0
120122010; 1
120122011; 0
001102021; 0
001102020; 1
001122120; 1
001122121; -1
100112022; 1
012001200; 1
100112020; 1
201201112; -1
010222101; -1
011000212; 1
101210002; 1
212110221; 1
102210120; 1
102210121; 1
021100021; -1
021100020; 1
020111002; 1
122102010; 1
122102011; 1
122011020; 1
122011021; 1
002211112; 0
011122200; 1
011122201; 0
221120211; 1
122121112; 1
202111210; 1
001212021; 1
021000012; 0
112220121; 0
121121220; -1
210021210; -1
112200102; 0
201102001; 0
111220012; 1
000011200; 0
000011202; 1
010100122; 1
120021211; -1
002011122; 1
002011120; 0
121102002; 1
121102000; 0
210010021; 0
210010020; 0
110000212; 1
112012200; 1
112012201; 1
121212010; 1
121212012; 1
110212120; 1
110212122; 1
111210202; 1
110010202; -1
101021212; 0
111102022; 1
202120110; 1
202120111; 1
102021112; 0
211102201; 0
210211020; 0
210211021; -1
000021211; -1
000021210; 0
021000000; 1
021000001; 1
102101212; -1
010210021; 0
010210020; 1
210102021; 0
021010120; 1
022011120; 1
022011121; -1
000110212; 1
000212121; 1
020001012; 0
020001010; 0
012011002; 1
012122110; -1
012122112; -1
021111220; 1
002012112; -1
002012110; -1
201210112; 1
220110120; 1
220110121; -1
011010202; -1
102111220; 1
010120000; 0
012211000; 0
012211002; 1
121012102; 1
021211212; 0
021211210; -1
120200001; 1
002110210; 1
002110212; 1
212010001; 0
212010000; 1
220101001; -1
220101000; 1
101211222; -1
102200211; 1
101201002; 0
000001002; 0
000001000; 0
022112211; 1
121110202; -1
000111022; 1
211012012; 1
112000000; -1
112000002; -1
010021201; -1
010021200; 1
011020012; -1
110200120; 0
120201201; 1
012200211; 1
221120001; 1
122020110; 1
122020111; 1
122211210; 1
110112022; -1
122221011; 1
101020021; -1
221112012; 1
221112010; 0
011202010; -1
011202012; 1
122101120; 1
020002101; 1
121222101; -1
100211212; 0
002122011; 1
000210121; 1
000210120; 1
012121120; 0
102201102; 0
102201100; 0
102202101; 1
220111201; 1
210110002; 1
101220211; -1
020101221; 1
200020011; 1
021011002; 1
010221112; -1
121122021; -1
221210010; 1
010200021; 1
102101020; 1
102101022; 1
110222100; -1
101021022; 1
101021020; -1
022201111; 1
201200211; -1
202201110; 1
022211100; 0
022211101; -1
101202201; 1
202201111; 1
211121020; -1
211121022; -1
120211002; 0
120211000; 0
012000112; -1
112120120; 1
211021122; -1
211021120; -1
010002000; 1
010002001; 0
202101012; 1
202101010; -1
220100011; -1
220100010; 1
111202021; 1
210200001; 1
211212100; 1
000112201; 0
000112200; 0
111000220; 1
201020211; 1
000010102; 0
110021212; -1
011222121; -1
100220101; -1
100220100; 0
120110002; 1
021120112; -1
002012100; 1
000112221; 1
012211012; 1
212110020; 1
212110021; 0
012001221; 1
100112002; -1
211220112; -1
211220110; -1
201101200; 1
201101202; 1
002021001; 0
100221210; 1
100221211; -1
002121210; -1
020111020; 1
011122221; 1
112220100; 0
112220101; -1
121021012; 0
022120101; 1
020111122; 1
100200000; 1
100200001; 0
121121202; 0
121121200; -1
101210020; 1
000001212; 1
101210022; 1
000001210; -1
102102010; -1
102102012; -1
011202201; 1
022101211; -1
000011221; 1
000011220; 1
222101010; -1
200011120; 1
002011102; 0
121102020; 1
121102021; -1
202110010; -1
112202010; 1
112202011; -1
112102120; 1
101220120; 1
101220121; -1
110212102; -1
100000012; 0
010110022; -1
101002102; 1
000002010; 1
210211000; -1
120202110; 1
210211002; 1
021000021; 1
200120121; 0
121221112; 0
120120100; 1
010122012; -1
010122010; -1
000002100; 1
000002101; 1
120011200; 1
221111221; 1
220111012; 1
120000010; 0
012102012; -1
012102010; -1
210110212; 1
012011020; 0
012011022; 1
022110102; 1
022110100; -1
202100001; 0
100210120; 1
100210122; 1
102022110; 1
102022111; 1
201002112; 1
201002110; 1
200210101; 1
200210100; 1
011121220; -1
011121222; -1
202001121; 0
221012001; 1
210212001; 1
122201121; 1
221011200; 1
221011201; 1
200112012; 1
210200211; -1
021220011; 1
121012120; 1
012212011; 1
120211212; 0
120211210; 0
220101021; 1
011102002; 1
200012112; 1
200012110; 1
102002011; 1
020000211; 0
100021210; -1
100021212; 0
110120122; 1
000001020; 1
112101022; -1
022102101; 1
011212012; 1
020010201; 1
021210201; 1
021102021; 1
002000100; 1
002000101; 1
112000021; 0
112000020; 0
121200210; 1
121200211; 1
010021221; 1
110200102; 0
012001201; -1
201012012; 1
201012010; 1
002021211; -1
211120201; 0
102201120; 0
000210102; 1
000210100; 1
211210200; -1
020001121; -1
000100210; 0
210110020; 0
210110022; 1
020001120; 1
111201022; 1
001020112; -1
101012002; 1
121122000; 1
121122001; -1
010200000; 1
010200001; 0
201101220; 1
201101221; 1
112020112; -1
100200211; -1
100200210; 1
012112200; 1
012112201; 1
221001102; 1
221001100; 1
021121200; 1
021121201; 1
111220201; 1
222011112; -1
022101001; -1
022101000; 1
111002200; 1
211122201; 0
201212101; 1
111122221; 1
110022010; -1
110022012; 1
202110201; 1
001012012; 1
010201201; -1
010201200; 1
101021002; 0
101020201; 1
101020200; 1
212212111; 1
012020110; -1
012020112; -1
020112021; 1
211000212; 1
000120211; -1
000120210; 0
221002101; 1
012221010; 0
012221011; -1
120211020; 1
120211021; 1
202010101; -1
202010100; 0
012101122; 1
111000202; 1
000010122; 1
000010120; 1
011222100; -1
100220121; -1
212110000; 1
212110002; 1
212010211; 1
101122212; 1
101122210; 0
121101022; -1
200102110; -1
200102112; -1
122011200; 1
122011201; 1
210011002; 1
210122110; -1
011122020; 1
011122021; 0
120011221; 1
000201100; 0
000201102; 0
200112201; 0
102112120; 1
002100112; -1
101102022; 1
002102211; 1
112122010; -1
112122012; -1
101102020; 1
101210220; 1
220001001; 1
010211002; 0
100021000; 0
100021002; 0
100200021; 1
102200001; 1
111020200; 1
010012221; 1
121211122; 1
022111201; 1
121102221; 1
201021120; 1
201021121; 1
002200011; 1
001120210; 0
001120212; 0
001202112; 1
200011102; 1
102001221; 1
012012021; 1
121200001; 1
121200000; 1
100012021; 1
100012020; 1
210102121; 0
100121122; 1
100011222; -1
100011220; -1
101220100; -1
101220102; 1
020021211; 1
210021211; -1
000122110; 1
000122112; 1
101002120; 1
211112220; 0
101002122; 1
110202210; 1
110202211; -1
200120101; 0
200120100; 0
000002121; 1
012011220; 1
012011221; 1
101202012; 1
120212011; 1
101202010; -1
221111200; 1
120000121; -1
120000120; 1
022110120; 1
022110121; -1
001220001; 1
200210121; 1
020211102; 1
020211100; 0
122100021; 1
202001101; -1
202001100; 0
011121202; -1
122111212; 1
021121012; -1
021012210; 0
021012211; 0
002111020; 1
110022201; 1
002012211; 1
010212100; 1
000202011; 1
011102020; 0
011102022; 1
001012201; 0
001012200; 1
000221110; 0
000221112; 0
101022120; 1
101022121; -1
021101212; 0
020212101; 1
210101212; -1
221100112; -1
021102001; 0
021102000; 1
001200120; 1
122201100; 1
122201101; 1
200021011; 1
200021010; 1
212200110; 1
212200111; 1
220010112; 1
220010110; -1
000112012; -1
201102210; 0
201102211; 0
010120102; -1
201011022; 1
021210121; 1
201020001; 1
212011120; 0
211020021; 1
102122101; 1
021110002; 1
212012110; 1
220001211; 1
100020010; 0
100020012; 0
121022001; -1
021021102; -1
021021100; -1
200000100; 1
200000101; 1
220112211; 0
002000121; 1
201121120; -1
220210101; 1
001021210; 0
001021212; 0
211120221; 1
002121021; -1
200001211; -1
111200200; 1
012201120; 0
012201121; 0
200201110; 1
200201112; 1
011012122; 1
101012020; 1
101012022; 1
010211212; 1
121021200; 1
121021201; 1
001002121; -1
001002120; 1
211202010; 1
211202011; -1
221001120; 1
221001121; 1
020120121; -1
111012022; 1
022101021; 1
111002221; 1
012102211; -1
111122200; 1
221021100; 1
221021101; 1
011200210; -1
011200212; 1
101212200; 1
101212201; 1
020200101; 1
021110122; 1
010201221; 1
002221011; 1
012112221; 1
021101020; -1
021101022; 1
122210100; 1
122210101; 1
020112001; 0
020112000; 1
011022021; 1
120012120; 1
120012121; 1
012012102; -1
000012121; 1
000012120; 1
212000110; 1
212000112; 1
221012211; 0
202010121; 0
122111002; 1
002101012; -1
212211112; 1
222100011; -1
000121012; -1
210011020; 0
210011022; 1
011021220; 1
011021221; 1
212101102; -1
000201121; 0
000201120; 1
021012001; 1
212021110; -1
200102211; 0
212021112; -1
210021012; -1
210021010; -1
001010122; 1
101210200; 1
101210202; 1
222121101; -1
210000100; 0
210000102; 1
100021021; -1
100021020; 0
111020221; 1
121102200; 0
121102201; 0
201010002; 1
212120010; -1
212120011; -1
010220001; 0
011212200; 1
011212201; -1
010012201; 1
010012200; 1
202111012; 1
210101022; 1
210101020; 0
220112001; 0
121000000; 0
102001201; -1
211210012; 1
012012001; 1
012012000; 1
121200021; 1
102121102; 1
010211020; -1
010211022; 0
100012002; 1
100012000; 1
000021012; 0
100011202; -1
000021010; 0
021000201; 1
110102220; 1
110102221; 1
200221101; 1
211112202; 1
110122200; 1
211112200; 0
000000120; 1
000000121; 0
122101200; 1
122101201; -1
201122001; 0
001021000; 0
001021002; 0
221101210; 1
221101212; 1
012011200; 1
012011202; 1
210012102; 1
210012100; 1
112100002; -1
212121100; -1
212121102; -1
211010212; 1
020211120; 1
020211121; 1
102100102; 1
122100001; 1
122100000; 1
002110012; -1
011102220; 1
011102221; 0
120000102; 1
120000100; 1
211021200; 1
211021201; 1
101212012; 1
001012221; 1
011200000; -1
011200002; 1
102002211; 1
211012210; 1
101022100; -1
101022102; 1
210221100; 1
210221101; 1
012120201; -1
101121202; -1
012202101; 1
001000210; 0
221121000; 1
001000212; 1
122112000; 1
122112001; 1
221010112; 1
202112010; 1
202112011; -1
010120120; 0
010120122; 1
021210100; 1
210201120; 1
210201121; 0
120210120; 1
120210121; 1
002101201; -1
002101200; 1
200010010; 0
200010012; 1
211020001; 0
211020000; 0
022112001; 1
221201110; 1
210020001; 0
010212010; 1
010000120; 0
010000122; 1
021022110; 1
021022111; 1
100212210; 1
100212211; 1
201110200; 0
021021120; -1
220121001; 1
210100012; -1
200000121; 1
112200021; 1
100211202; 0
012021001; -1
101012220; 1
101012221; 1
012100021; 0
012100020; 0
122001112; 0
000011020; 1
000011022; 1
100210102; 0
111200221; 1
021002011; 0
021002010; 1
112202110; -1
201221100; 1
201221101; 1
012220011; 1
001002102; 1
001002100; 0
200211001; -1
021101002; -1
022010112; -1
022010110; -1
211210221; -1
012201100; 0
012201102; 0
012112020; 0
012112021; 0
000101122; 1
201211120; 1
100100202; -1
211000122; 1
100201122; 1
010011022; -1
020120101; -1
020120100; 1
211010022; 1
100121220; -1
211010020; -1
100121221; -1
120220101; 1
120012100; 1
211100220; 0
211100221; 0
011022001; -1
011022000; 1
000012102; 1
000012100; 1
102220110; 1
102220111; 1
220100211; 0
002111002; 1
001212112; 1
210122101; 0
112100212; -1
002201011; -1
002201010; 0
001022112; -1
001022110; -1
002002101; 1
021201001; 1
021201000; 1
020000110; 0
020000112; 0
012021201; -1
202121010; -1
112001212; -1
201002211; 0
211102000; 0
011021200; 1
011021202; 1
211102002; 1
121002112; 1
122111020; 1
201010021; 1
201010020; 1
210112012; 1
120011122; 1
001000020; 1
001000021; 1
221121211; 1
221121210; 1
021012021; 1
110020102; 1
112000221; 1
210000121; 0
210000120; 0
120201102; 0
120201100; 0
100122010; 0
100122012; 1
210101002; -1
200211021; 1
122010112; -1
221210001; 1
102011212; 1
021102210; 0
021102211; 0
020221110; 1
020221111; 1
012210102; 1
012210100; 0
202210110; 1
202210111; 1
010220121; 0
010012120; 0
111221221; 1
102121120; 1
120201120; 1
101100222; -1
122211211; 1
101100220; -1
102102210; -1
102102211; -1
120202101; 1
210211120; 0
120021112; 0
110102200; -1
110102202; 1
022001110; -1
110122221; 1
022001112; 0
210100201; 0
210100200; 1
000000102; 1
122101221; 1
021112120; 1
201011122; 1
001021021; 1
001021020; 1
112100020; -1
112100022; 1
122021010; 1
122021011; -1
002100100; -1
002100102; 1
201000112; -1
120000001; 0
101000212; 0
200110012; 1
011102200; 0
011102202; 1
210002121; 0
210012120; 1
210012121; 0
100102120; 1
101112022; -1
022210110; 1
221110002; 1
221110000; 1
201200101; 1
121110022; -1
011200021; 1
011200020; 1
102212110; -1
102212112; -1
210221121; 1
101121222; -1
021200011; 1
101121220; -1
010202121; 1
002120001; 1
120122211; 0
020112210; 0
020112211; 0
002210101; 1
002210100; 1
112201200; 1
112201201; -1
112100122; 1
112222110; -1
012101202; 1
012101200; -1
211212201; -1
210201100; 1
210201102; 1
120210100; 1
120210102; 1
001210002; 1
000010200; 0
000010201; 0
121120012; 0
002101221; 1
001102122; 1
001102120; 1
201201102; 1
211221121; 1
211221120; 1
012001210; -1
201110220; 1
201110221; 0
022100001; 1
001001122; -1
000102100; 0
000102102; 1
021100122; 1
021100120; -1
112200001; -1
112200000; 1
210010122; 1
210010120; 0
101012200; 1
101012202; 1
001212121; 1
202011021; 1
012100002; -1
012100000; -1
002112102; -1
002112100; -1
000011002; 0
121010122; 1
010000102; 0
002021011; -1
112012002; -1
112012000; -1
101122021; -1
100122201; 0
101200021; 1
101200020; 1
102210112; -1
102001012; 0
002020101; 1
122002110; 1
122002111; 1
000211210; -1
000211212; 1
200111122; 1
102020110; 1
102020101; 1
102020100; 1
012112000; -1
012112002; -1
012012211; 1
211000012; -1
112112022; -1
112112020; -1
000120012; 0
000120010; 0
010210122; 1
010210120; 0
121020112; 0
110200122; 1
100201102; 0
210102120; 0
112120212; -1
211100200; -1
211100202; -1
110202112; -1
201011202; 1
201011200; -1
222010110; -1
121202110; -1
121202112; 1
000121122; 1
201211102; 1
100100221; -1
100100220; -1
001200121; 1
212112010; 1
110002221; 1
102202011; 1
000002211; 1
021211012; 0
211010002; 1
211011202; -1
101000002; 1
121201002; 0
121201000; 0
210210102; 1
210210100; 1
221122011; 1
201010000; 0
001000000; 0
001000002; 1
212001201; -1
101112220; -1
101112222; -1
021110212; 0
211200021; 1
112000201; -1
112000200; 1
112211221; 1
112211220; 1
120102010; 0
120102012; 1
122000011; 1
122000010; 1
012000210; 1
002120211; -1
200211000; 0
112201012; 0
012210120; 0
012210121; 0
210202101; 1
010220101; -1
010220100; 0
220010211; -1
010012102; -1
021221112; 0
021221110; 0
101100202; -1
121120221; -1
110021122; 1
001120012; -1
120201121; -1
122101020; 1
122101021; -1
020110210; 0
020110212; 1
022100211; -1
220121211; 1
020012112; 1
022210111; 1
020012110; 1
210120201; 0
210100221; 1
122120001; 1
102010012; -1
222001110; -1
022001211; -1
021112102; 1
012022101; 1
012111022; 1
001110222; -1
000211000; 0
001110220; -1
000211002; 0
211001002; -1
200100100; -1
200100102; 1
002100121; 0
002100120; 1
020020101; 1
010002201; 1
212122101; 1
010201102; 0
110221210; -1
220012101; 1
110221212; 1
200121210; -1
200121211; -1
211021020; 1
211021021; 1
102102001; 1
112120020; 1
112120021; -1
201022011; 1
210002101; 0
210002100; 1
221110020; 1
221110021; 1
120100221; 1
201200121; 1
200002111; 1
200002110; 1
000212011; 1
211222101; -1
121012210; 0
121202101; -1
101020102; 1
010202101; -1
010202100; 1
002210121; 1
112201221; 1
100102102; 1
121221012; 0
121221010; 0
012101220; 1
012101221; -1
112221112; 0
221012110; 1
000010221; 1
120122110; 1
100020211; -1
100020210; 0
001102102; 1
211221102; -1
211221100; -1
001121002; -1
202102101; 1
110202100; -1
021201210; 1
021201211; 1
012021012; -1
012021010; -1
021100102; 1
000102120; 1
002010112; -1
121201212; 0
121201210; 0
122102110; 1
122121010; -1
122121012; 1
000201201; 1
001212100; 1
221212011; 1
200112102; 1
200112100; -1
202011001; -1
202011000; 1
002112120; 1
002112121; 0
202201011; 1
122212111; 1
122212110; 1
220000101; 1
021122010; 1
021122011; 0
210001021; 0
210001020; 0
200122101; 1
112012021; 1
120102201; 1
100000210; 0
100000212; 1
101200002; 1
101200000; 1
210010102; 1
220211211; -1
102010201; 1
102010200; 1
112102020; 1
112102021; 1
010122210; 0
010122211; -1
121012212; 0
102020121; 1
102120021; 1
202120011; 1
010210102; 1
020110000; 1
020110002; 1
211200210; -1
122110002; 1
122110000; 1
002111221; 1
012000201; 1
210102100; -1
210102102; -1
121220010; 0
121220011; -1
100220211; -1
201011220; 1
201011221; 1
211022211; 0
001200102; 1
001200100; 0
000212001; 1
110002201; 1
110002200; 1
002012011; 1
002012010; 1
211201200; -1
112001220; -1
121201120; -1
211011222; -1
211011220; -1
121012020; 1
121012021; 1
121201020; 1
121201021; 1
101000020; 1
210210120; 1
210210121; 0
200121001; -1
200121000; -1
220101120; 1
220101121; -1
101112202; -1
212121121; 0
212121120; 0
211200001; -1
211200000; -1
012002110; -1
012002112; -1
112211202; 1
112211200; 1
100221102; 0
100221100; 0
112200120; 0
100222101; -1
001020001; 0
112000122; 1
112000120; 0
001221102; 0
001221100; 0
100012201; 1
100012200; 1
122020011; 1
112200210; 1
112200211; -1
221120121; -1
011221200; 1
112021102; 0
122221111; 1
122221110; 1
121120200; 0
121120201; -1
212111212; 1
011202112; -1
221000112; 1
221000110; 1
212001211; -1
212100210; 1
212100211; -1
221212111; 1
000110122; 1
001100212; 0
011201002; -1
220011012; 1
200020110; 1
122101000; 1
122101002; 1
200100121; -1
200100120; 1
122100201; 1
211001022; -1
100202112; -1
100202110; -1
212002101; 1
211021000; -1
211021002; -1
112120000; -1
012000012; 1
112120002; 1
012000010; -1
220211001; 1
221110221; 1
211200112; -1
201122211; 0
202101112; -1
100120210; -1
000211021; 1
000211020; 1
001110202; -1
212112201; 1
120100201; -1
120100200; 1
200200011; 1
201001201; 1
201001200; 1
011120220; 1
011120221; 1
120020101; -1
120020100; 1
122110210; 1
010201120; 0
010201122; 1
012101022; 1
012101020; 0
211212021; 1
112022010; -1
112022011; -1
110220010; -1
110220012; 1
000010020; 1
112121202; -1
002001100; 0
012102001; 1
012102000; 1
211022001; 0
002001102; 1
012120001; -1
012120000; 0
120001212; 0
201010212; 1
201010210; -1
211211002; -1
122000001; 1
100212012; 1
100212010; 1
112011022; -1
112212010; 1
101222001; -1
211201012; -1
201121210; -1
201121212; -1
110012212; 1
001022211; 0
221200110; 1
221200111; 1
210000201; 0
221102211; 0
201101122; -1
200010112; 1
010022010; -1
010212211; 1
201210100; 1
200112120; 1
200112121; 0
201202011; 1
000102121; 0
001121020; -1
001121022; -1
210001002; 1
212111122; 1
210001000; -1
221221111; 1
221221110; 1
002112001; 0
002112000; 0
010100221; 1
010100220; 1
001020211; 0
001020210; 0
120112212; 0
222101112; -1
002011221; 1
011012212; 1
200211210; -1
210120012; -1
112202112; -1
210120010; -1
111120022; 1
200211010; -1
112102000; -1
212100000; 1
112102002; -1
102121200; -1
011221012; -1
020210112; 1
020210110; 1
011022201; 1
010122112; -1
200111221; 1
122110020; 1
122110021; 1
020110021; 1
020110020; 1
220210011; 1
220011201; 1
011201212; -1
221210211; -1
020100100; -1
102120001; -1
102120000; 1
102022011; 1
012121012; -1
202121211; -1
000020110; 0
000020112; 0
100120000; 0
201002011; 0
201002010; 1
221101102; -1
122200110; 1
122200111; 1
210212121; 1
020121210; 0
020121211; -1
121012000; 1
121012002; 1
012212110; 1
221011210; -1
120221211; 1
200121021; 1
010102201; 0
010102200; 0
201102000; 0
212010102; 1
212010100; 0
220101100; -1
220101102; 1
200012011; 1
200012010; 1
120001000; 0
120001002; 1
221211112; 1
021020112; 0
021020110; 0
020010121; 1
020010120; 1
200001112; -1
100221120; 0
100221121; -1
021211200; 1
021211201; 1
201121122; -1
201121020; 1
201121021; 1
112000102; -1
110220201; 1
001221120; 1
001221121; 1
110200221; 1
012110002; -1
121001122; -1
221120100; -1
221120101; -1
002211021; 1
022121011; -1
011220010; -1
011220012; 1
112021122; 1
112021120; 0
001020021; 1
101002210; 0
110121022; -1
221000101; 1
221000100; 1
221102001; 1
002121120; 1
002121121; -1
211002021; 0
001211122; 1
101200212; 1
101200210; 1
210121002; -1
210121000; -1
211001220; 1
211001221; 1
011201020; 1
011201022; 1
020201110; 0
020201112; 0
222110211; -1
002102101; 1
002102100; 1
122211112; 0
111220120; 1
212221011; 1
022101120; 1
022101121; -1
112012020; 1
221020110; 1
221020111; 1
221110200; 1
221110201; 0
121212121; 1
012020011; -1
012020010; -1
102021021; -1
102012210; 1
102012211; 1
022021101; 1
012221110; 0
012221112; 0
011120200; 0
011120202; 1
021010012; 0
020021101; -1
020021100; 0
000010000; 0
020121000; -1
000010002; 0
212020101; 1
112121220; -1
100220001; 0
001122021; 0
012120021; 0
112010202; 1
112010200; 1
110002012; -1
200102011; 0
200102010; 0
220110010; -1
220110012; 1
122011120; 1
122011122; 1
211212000; 1
211212001; -1
012101002; -1
201102102; 1
201102100; 0
000201021; 1
012100201; -1
012100200; 1
120221001; 1
102221010; 0
102221011; -1
001121220; 1
001121221; 1
100021122; 1
100021120; -1
002200111; 1
002200110; 1
102210100; 0
212201001; 0
201120010; -1
000200001; 1
201120012; -1
102210102; 0
010100202; -1
010100200; -1
211012120; 1
200011221; 1
001202011; -1
001202010; 1
120002112; 1
211112212; 1
002011201; 1
002011200; 1
121200120; 1
121200121; -1
010020100; 0
010020102; 1
102000112; -1
212100021; 0
110212002; 1
110212000; 1
000122011; 0
000122010; 1
011220201; 1
102121221; -1
222211101; -1
010001212; -1
022011021; 1
200111200; 1
001220112; -1
010021210; -1
001220110; -1
020012211; 1
210100102; -1
120212110; 1
120212112; 1
111022012; 1
021001102; -1
202211010; 1
202211011; -1
222110001; -1
020100121; -1
020100120; 1
210220110; 1
210220111; 1
100120021; -1
100120020; 1
221101122; 1
221101120; -1
200210001; 1
100022112; 1
100022110; -1
210212100; 1
210212101; 1
001002010; 0
001002012; 1
021010201; 1
021010200; 1
010102221; 1
212010120; 0
010112212; 1
000202111; 1
000202110; 1
210112210; 1
201210210; -1
101102002; 1
021120021; -1
000221011; 1
000221010; 1
220100121; -1
212210001; 1
120001021; -1
120001020; 1
201112002; 1
201112000; 0
120100012; 0
020010102; 1
020010100; 1
102012001; 1
102012000; 1
201001012; -1
212001001; -1
212001000; 1
120011212; 0
220010011; -1
220010010; 0
220110201; 1
111212200; 1
110200201; 1
110200200; 1
012110020; 0
012110022; 1
221112000; 1
201220110; 1
201220111; 1
110210212; 1
020122110; 1
020122111; 1
101222211; -1
121210210; 0
121210212; 0
212200011; 1
201121000; -1
201201001; 1
201201000; 1
201120201; 1
102000201; 1
021201112; 0
002121100; -1
000210000; 1
000210001; 1
211002001; -1
211002000; 1
012200110; 1
012200112; 1
002211001; -1
002211000; 0
210121020; 0
210121021; 0
011012002; 1
211001200; -1
211001202; -1
200201011; -1
200201010; 1
010221210; -1
010221211; -1
121021122; -1
201202110; 1
201202111; 1
211202112; 1
211202110; -1
201021100; -1
212011200; 1
212011201; -1
010001002; -1
201022101; 1
111220102; 1
121100122; 1
002212110; 1
002212111; 1
210001210; -1
022101100; -1
022101102; 1
002112210; 1
002112211; 1
022101210; 1
022000101; 1
121112200; 0
121112202; 0
121212100; 1
110212210; 1
110221012; 0
210002112; 1
100101202; -1
102120210; -1
102021001; -1
102021000; 0
021000112; 0
122012100; 1
122012101; 1
200011122; 1
122111122; 1
212000010; 1
020121021; -1
001122001; 0
001122000; 1
020001100; 0
020001102; 1
112010220; 1
112010221; 1
201210001; -1
201210000; 1
212211010; 1
122011102; 0
201102120; 1
201102121; 0
202010001; 0
012100221; 1
002001211; -1
002001210; 1
202011201; 1
021012121; 1
120011022; 1
120011020; 1
120200112; 0
120200110; 0
001121200; -1
001121202; -1
210000021; 0
100021102; 0
011200120; 1
011122102; -1
011212120; 1
212120110; -1
212120112; -1
122121210; -1
211220211; -1
000201000; 0
000201001; 0
212101021; 0
220112121; 1
101022210; 1
101022211; -1
200011201; -1
200011200; 1
202110012; 1
211012102; 1
110102002; -1
121200100; -1
121200102; 1
102121021; -1
010020121; 0
010020120; 1
021212010; 1
021212011; 1
101220201; 1
110212020; 1
110212021; 1
112200112; -1
121000021; -1
121000020; 1
221010201; 1
210022110; 1
210022111; 1
221112100; 1
022011001; -1
022011000; 1
110222010; -1
002121001; -1
201122121; 0
001021122; -1
001021120; -1
020002011; 1
121222011; -1
002122101; 1
012011122; 0
210100120; 0
210100122; 1
102201010; 0
000210211; -1
000210210; 1
200110210; 1
010221000; 1
200110212; 1
112020021; 0
010021102; -1
202001001; -1
102100221; 1
100202211; 1
212011012; 1
022211010; 0
022211011; -1
100210021; 1
100210020; 1
101000022; 1
021010221; 1
012112210; 1
010002112; -1
001210021; 1
001210020; 1
001201210; -1
001201212; 0
021120001; -1
021120000; 0
220100101; -1
220100100; -1
201112020; 1
201112021; 0
021102102; 1
021102100; 1
212001021; 0
210200110; 1
210200112; 1
120010012; 0
111202210; 1
111212221; 1
110120002; 1
010212112; 1
021022011; 1
121022100; 1
121022101; -1
202112112; -1
202112110; -1
211220001; 1
212201211; -1
102210012; 1
102210010; 1
222011121; -1
002021110; 0
002021112; 0
000210021; 1
112122121; 1
002100211; -1
002100210; 1
112220010; -1
112220011; -1
121021102; -1
020111212; 1
100200112; -1
110020210; -1
110020212; 1
201021010; -1
201021012; -1
101211220; -1
022010011; -1
022010010; 0
010001022; 1
010001020; 0
101120202; 1
101120200; 0
021202110; 1
021202111; 1
002011012; 1
102201201; 1
100000102; 1
121112221; 1
121112220; 1
212011221; 1
101002012; 1
020210211; 1
020112102; 1
020112100; 1
200120211; 0
102220011; 1
000002011; 1
011210212; 1
212102110; -1
212102112; -1
121211221; 1
220111102; 1
111022201; 1
112210012; 1
002001112; -1
022110010; -1
022110012; 1
100002112; -1
001022011; -1
001022010; 0
000102211; 0
000102210; 0
001201002; 0
001020000; 0
201210021; 1
202121110; -1
202121112; -1
122122011; 1
011021122; -1
202001211; -1
102112002; -1
102112000; -1
101020012; 0
021012100; 1
120011002; 0
021220101; 1
002001012; 1
100211220; 1
100211221; 1
001010221; 1
001010220; 1
210000000; 0
210000001; 0
102002101; 1
102002100; 1
121001202; 0
121001200; 0
110120212; -1
100122112; 1
011112202; -1
011212102; 1
020221011; 1
221100021; 1
200001210; -1
012201210; 1
212101002; 1
212101000; -1
102020011; -1
211221010; -1
211221012; -1
002000010; 1
002000011; 1
120010201; 1
120010200; 1
200021121; 1
102211002; 0
102211000; 0
202210011; 1
012012100; -1
110102020; 1
110102022; 1
102121000; -1
102121002; 1
110200012; 1
100012102; -1
211002210; 1
211002211; -1
121000002; 1
002211210; 1
002211211; -1
120120021; -1
101102122; 1
112221000; 0
112221001; -1
001221210; 1
110102122; 1
022001011; -1
022001010; 1
000020010; 0
221112121; 1
000020011; 0
220112100; 1
220112101; -1
201122100; 0
201122101; 0
121211200; 0
121211202; 0
110000002; -1
001021102; -1
202100121; 0
100211200; 0
002010000; 0
002010001; 0
100121002; -1
201111022; 1
110000020; 0
110000022; 1
001211202; -1
001211200; -1
121000200; 1
122021112; 1
122021110; 1
201000010; 0
201000012; 1
122121000; 1
010221021; 1
002100021; 1
121122112; 1
010200112; -1
112020001; -1
112020000; 0
102100201; -1
102100200; 1
101002201; 1
101002200; 1
122100100; 1
222011001; -1
012121212; -1
120000000; 1
100210000; 1
212121210; -1
201112221; 0
200112010; 0
001210000; 1
210111220; 1
020102001; 1
011200102; 1
001200010; 0
001200012; 1
011221201; 1
011000020; 0
011000022; 1
021102120; 1
021102121; -1
102110212; -1
011222010; -1
211020102; -1
211020100; -1
110120020; 1
110120022; 1
001122210; 0
001122211; 0
111021202; 1
121022121; -1
220121100; -1
220121101; -1
000102021; 1
210122001; 0
100220110; -1
212101212; 1
212101210; -1
101012122; 1
102112212; -1
102112210; -1
112122100; 1
220001110; -1
220001112; -1
102200112; 0
102200110; 0
210121200; -1
210121201; -1
102002010; 1
101120220; 1
101120221; -1
121100202; 0
101211202; -1
121100200; -1
100222011; -1
200011012; 1
211210120; 1
012201201; -1
200100211; -1
200100210; 1
100121212; -1
101220012; 1
101220010; -1
220201110; 1
220201111; 1
100000122; 1
100000120; 1
020120001; 0
100201221; 1
121011022; -1
100000200; 1
211100122; -1
020112120; 1
020112121; 1
100210200; 1
022011210; 1
022011211; -1
011022102; 1
011022100; -1
000001021; 1
000012000; 1
000012001; 1
222010011; -1
000101221; 1
000101220; 1
120000211; 0
120000210; 0
220111120; 1
120101220; 1
120101221; -1
000121020; -1
001201021; 1
001201020; 1
020211010; -1
020211012; 0
210111202; 1
021001201; 1
021001200; 1
021121102; -1
221122111; 1
221122110; 1
122201010; 1
122201011; 1
000112210; 0
212121021; 0
000112212; 1
120101212; 0
001010202; 0
001010200; 0
000200011; -1
102002121; 1
022112121; 1
120102112; 1
021120210; 0
021120211; 0
011112222; -1
011112220; -1
220011010; -1
221100001; 1
221100000; 1
221210101; 1
212101020; 1
200020111; 1
102112020; 1
102112021; 1
201100210; 0
201100212; 1
200021101; 1
200021100; 1
102211020; 1
102211021; 1
012002001; 1
012012120; 0
012012121; 0
201020112; -1
201020110; -1
100012120; 1
100012122; 1
102122010; 1
102122011; -1
121001220; 1
121001221; 1
120121200; -1
120121201; -1
212012001; 1
120120001; -1
120120000; 1
000022101; 1
112221021; 0
100101022; -1
022210011; 1
020012011; 1
020012010; 1
000000201; 1
021021010; 0
021021012; 0
200000010; 1
200000011; -1
222001011; -1
121211220; 1
002102121; 1
122001021; 1
202100101; -1
202100100; -1
012122010; -1
012122011; -1
010022001; 0
002010021; 1
100121020; -1
100121022; 1
110001202; -1
000211122; 1
000211120; 0
001211220; 1
001211221; 1
200100021; 1
002100000; 1
002100001; 0
122210010; 1
001002211; -1
001002210; 1
011001202; -1
211001020; -1
101002221; 1
122100121; 1
020120211; 0
120000021; 1
010221001; 0
001221211; 1
210102210; 1
210102211; 0
201112200; 0
201112201; 0
010010200; 0
010010202; 1
221021010; 1
221021011; 1
201200001; 1
020200011; 1
011000002; 1
010120021; 0
010120020; 1
020102121; 1
122210011; 1
002210001; 1
000221211; 1
100102221; 1
000012211; 1
000012210; 1

